Source,Target,VID.i,VID.s,cri_comp,icl.i,ich.i,icm.i,scl.i,sch.i,scm.i,icl.s,ich.s,icm.s,scl.s,sch.s,scm.s,anb_name,anb_nuts,ca_bids,ca_cpv,ca_criteria_count,ca_eufund,ca_nuts,ca_scntr_sc,ca_title,cft_duration,cm_mod,w_consortium,w_name,w_nuts,country,ca_date,ca_year,ca_contract_value,nocft,ca_procedure,ca_criterion,anb_type,anb_sector,anb_empl_cat,cpv_div
HU432744,HU13958147,45,130,0.399492,0,0,0,0,4,8,5,0,0,28,10,40,Zala Megyei K√≥rh√°z,HU223,4,09123000-7,8,0,HU223,0,F√∂ldg√°z beszerz√©se,400,no contrac,0,E.ON Energiaszolg√°ltat√≥ Korl√°tolt Felel?ss√©g? T√°rsas√°,HU101,hungary,17-Jul-10,2010,546736.64,call for tender published,other/framework,price plus quality,regional/local ,missing,500<x,petroleum products
HU735627,HU10734441,92,102,0.0753833,0,0,0,2,0,0,0,0,0,3,0,0,Szeged Megyei Jog√∫ V√°ros √ñnkorm√°nyzat,HU333,5,09310000-5,7,0,HU333,0,Villamos energia √°rubeszerz√©se 2010. Szeged,309,contract m,0,EDF D√âM√ÅSZ Zrt.,HU333,hungary,2-Jun-10,2010,5332500,call for tender published,open,price plus quality,regional/local ,general public services,500<x,petroleum products
HU11103956,HU10625790,7,101,0.5428752,0,0,0,0,10,1,2,2,1,0,55,11,ALBA VOL√ÅN Z√°rtk√∂r?en M?k√∂d? Aut√≥buszk√∂zleked√©si,,1,09130000-9,5,0,HU211,0,G√°zolaj √©s benzin sz√°ll√≠t√°sa (MSZ EN 590:2004),679,no contrac,0,MOL Magyar Olaj- √©s G√°zipari Nyilv√°nosan M?k√∂d? R√©szv√,HU101,hungary,9-Sep-09,2009,22386829,call for tender published,negotiation,price plus quality,other/private ,missing,missing,petroleum products
HU726906,HU10625790,63,101,0.45325,0,0,0,0,10,1,2,2,1,0,55,11,H√≥dmez?v√°s√°rhely Megyei Jog√∫ V√°ros √ñnkorm√°nyzat,HU333,1,09132000-3,4,0,HU333,0,T√°j√©koztat√≥ az elj√°r√°s eredm√©ny√©r?l - √územanyag beszerz√©s a V√°rosell√°t√≥ Nonprofit Kft. r√©sz√©re (√∫j elj√°r√°s),147,no contrac,0,MOL Magyar Olaj- √©s G√°zipari Nyilv√°nosan M?k√∂d? R√©szv√,HU101,hungary,25-Oct-10,2010,76223.68,call for tender published,negotiation,price plus quality,regional/local ,general public services,500<x,petroleum products
HU345451,HU10734441,40,102,0.0928138,0,0,0,2,0,0,0,0,0,3,0,0,Dr. R√©thy P√°l K√≥rh√°z - Rendel?int√©zet,HU332,5,09310000-5,3,0,HU332,0,Villamosenergia k√ºls? v√°llalkoz√≥val t√∂rt√©n? beszerz√©se.,NA,no contrac,0,EDF D√âM√ÅSZ Zrt.,HU333,hungary,21-Mar-11,2011,425972.7,call for tender published,open,price plus quality,other/private ,missing,500<x,petroleum products
HU490353,HU10897830,46,108,0.5052062,0,0,0,0,11,2,2,1,1,1,66,24,F?v√°rosi √ñnkorm√°nyzat Szent J√°nos K√≥rh√°za √âs √âs,HU101,2,09123000-7,3,0,HU101,0,F√∂ldg√°z sz√°ll√≠t√°si szerz?d√©s,NA,no contrac,0,F?v√°rosi G√°zm?vek Z√°rtk√∂r?en M?k√∂d? R√©szv√©nyt√°rsas√,HU101,hungary,8-Sep-10,2010,1342368,call for tender published,other/framework,price plus quality,regional/local ,missing,500<x,petroleum products
HU14168820,HU10807262,19,106,0.0366589,3,0,0,0,0,3,2,2,0,0,0,1,Veszpr√©m Megyei Csolnoky Ferenc K√≥rh√°z Nonprofit Z√°,HU213,16,09344000-2,2,0,HU213,0,"7/2010. Izot√≥pok"" - eredm√©ny""",NA,no contrac,0,IZOT√ìP INT√âZET Kutat√≥,,,,,,,,,,,,
HU14168820,HU10814505,19,107,0.0402562,3,0,0,0,0,3,2,2,0,0,0,1,Veszpr√©m Megyei Csolnoky Ferenc K√≥rh√°z Nonprofit Z√°,HU213,9,09344000-2,2,0,HU213,0,"7/2010. Izot√≥pok"" - eredm√©ny""",NA,no contrac,0,IZINTA KERESKEDELMI KFT,HU101,hungary,8-Oct-10,2010,58.424.455,call for tender published,open,price plus quality,established by public law,missing,missing,petroleum products
HU14168820,HU12090503,19,113,0.0351455,3,0,0,0,0,3,2,2,0,0,0,1,Veszpr√©m Megyei Csolnoky Ferenc K√≥rh√°z Nonprofit Z√°,HU213,6,09344000-2,2,0,HU213,0,"7/2010. Izot√≥pok"" - eredm√©ny""",NA,no contrac,0,MEDI-RADIOPHARMA EG√âSZS√âG√úGYI SZERVEZ√ñ,,,,,,,,,,,,
HU12283226,HU11810690,13,112,0.407921,0,0,0,0,0,0,0,0,0,0,0,0,MTI Magyar T√°virati Iroda Z√°rtk√∂r?en M?k√∂d? R√©szv√,HU101,4,09310000-5,2,0,HU1,,,,,,,,,,,,,,,,,,
HU733469,HU12898019,85,122,0.0862742,0,0,0,16,0,3,6,1,2,136,3,51,Dunaf√∂ldv√°r V√°ros √ñnkorm√°nyzata,HU233,4,09310000-5,2,0,HU233,0,Villamos energia beszerz√©s Paksi Kist√©rs√©g √ñnkorm√°nyzatai r√©sz√©re,517,no contrac,0,MVM Partner Energiakereskedelmi Z√°rtk√∂r?en M√ºk√∂d? R√©sz,HU101,hungary,26-Aug-11,2011,62.253.186,call for tender published,open,price plus quality,regional/local ,general public services,50<x<=100,petroleum products
HU10863877,HU10625790,3,101,0.0375347,3,0,3,4,0,24,2,2,1,0,55,11,DMRV Duna Menti Region√°lis V√≠zm? Z√°rtk√∂r?en M?k√∂d?,HU102,3,09000000-3,2,0,HU102,0,√územanyag beszerz√©s (2011-2012),NA,no contrac,0,MOL Magyar Olaj- √©s G√°zipari Nyilv√°nosan M?k√∂d? R√©szv√,HU101,hungary,8-Apr-11,2011,98.303.591,call for tender published,open,price plus quality,established by public law,environment,missing,petroleum products
HU10863877,HU10625790,3,101,0.0433876,3,0,3,4,0,24,2,2,1,0,55,11,DMRV Duna Menti Region√°lis V√≠zm? Z√°rtk√∂r?en M?k√∂d?,HU102,3,09000000-3,2,0,HU102,0,√územanyag beszerz√©s (2011-2012),NA,no contrac,0,MOL Magyar Olaj- √©s G√°zipari Nyilv√°nosan M?k√∂d? R√©szv√,HU101,hungary,8-Apr-11,2011,316492.74,call for tender published,open,price plus quality,established by public law,environment,missing,petroleum products
HU10863877,HU10625790,3,101,0.0497255,3,0,3,4,0,24,2,2,1,0,55,11,DMRV Duna Menti Region√°lis V√≠zm? Z√°rtk√∂r?en M?k√∂d?,HU102,3,09000000-3,2,0,HU102,0,√územanyag beszerz√©s (2011-2012),NA,no contrac,0,MOL Magyar Olaj- √©s G√°zipari Nyilv√°nosan M?k√∂d? R√©szv√,HU101,hungary,8-Apr-11,2011,576009.66,call for tender published,open,price plus quality,established by public law,environment,missing,petroleum products
HU733469,HU12898019,85,122,0.0856268,0,0,0,16,0,3,6,1,2,136,3,51,Dunaf√∂ldv√°r V√°ros √ñnkorm√°nyzata,HU233,3,09310000-5,2,0,HU233,0,Villamos energia beszerz√©s Paksi Kist√©rs√©g √ñnkorm√°nyzatai r√©sz√©re,517,no contrac,0,MVM Partner Energiakereskedelmi Z√°rtk√∂r?en M√ºk√∂d? R√©sz,HU101,hungary,26-Aug-11,2011,54.321.505,call for tender published,open,price plus quality,regional/local ,general public services,50<x<=100,petroleum products
HU735605,HU12928130,91,123,0.0491617,0,0,0,4,0,2,0,1,0,10,1,10,Miskolc Megyei Jog√∫ V√°ros √ñnkorm√°nyzata,HU311,3,09310000-5,2,0,HU311,0,Miskolc Megyei Jog√∫ V√°ros aj√°nlatk√©r? r√©sz√©re villamos energia sz√°ll√≠t√°sra sz√≥l√≥,,,,,,,,,,,,,,,,
HU11385174,HU13958147,8,130,0.4301715,0,0,0,0,4,8,5,0,0,28,10,40,MISKOLCI H√ñSZOLG√ÅLTATO KFT /MIH√ñ KFT/,HU311,3,09310000-5,2,0,HU311,0,Villamos energia sz√°ll√≠t√°sa 6 v√°llalat r√©sz√©re,NA,no contrac,0,E.ON Energiaszolg√°ltat√≥ Korl√°tolt Felel?ss√©g? T√°rsas√°,HU101,hungary,20-Jan-12,2012,672457.5,no call for tenders published,open,price plus quality,established by public law,general public services,missing,petroleum products
HU760346,HU14927939,95,134,0.0944492,0,0,0,0,0,0,0,0,0,0,0,0,Nyugat-Magyarorsz√°gi Egyetem,HU221,3,09123000-7,2,0,HU1,,,,,,,,,,,,,,,,,,
HU329398,HU10542925,36,99,0.407564,0,1,0,0,12,1,0,3,0,0,3,0,K√∂zponti Szolg√°ltat√°si F?igazgat√≥s√°g,HU101,2,09130000-9,2,0,HU,1,G√©pj√°rm?-√ºzemanyag √©s √ºzemanyagk√°rtya t√∂lt?√°llom√°si kiszolg√°l√°ssal,NA,contract m,0,OMV HUNG√ÅRIA √ÅSV√ÅNYOLAJ KFT,HU101,hungary,23-Dec-09,2009,40613117,call for tender published,negotiation,price plus quality,national ,missing,500<x,petroleum products
HU10863877,HU10625790,3,101,0.0361568,3,0,3,4,0,24,2,2,1,0,55,11,DMRV Duna Menti Region√°lis V√≠zm? Z√°rtk√∂r?en M?k√∂d?,HU102,2,09000000-3,2,0,HU102,0,√územanyag beszerz√©s (2011-2012),NA,no contrac,0,MOL Magyar Olaj- √©s G√°zipari Nyilv√°nosan M?k√∂d? R√©szv√,HU101,hungary,8-Apr-11,2011,49.641.302,call for tender published,open,price plus quality,established by public law,environment,missing,petroleum products
HU10863877,HU10625790,3,101,0.0400472,3,0,3,4,0,24,2,2,1,0,55,11,DMRV Duna Menti Region√°lis V√≠zm? Z√°rtk√∂r?en M?k√∂d?,HU102,2,09000000-3,2,0,HU102,0,√územanyag beszerz√©s (2011-2012),NA,no contrac,0,MOL Magyar Olaj- √©s G√°zipari Nyilv√°nosan M?k√∂d? R√©szv√,HU101,hungary,8-Apr-11,2011,189622.25,call for tender published,open,price plus quality,established by public law,environment,missing,petroleum products
HU10363315,HU10625790,1,101,0.3901729,0,0,0,0,10,1,2,2,1,0,55,11,NY√çREGYH√ÅZI V√ÅROS√úZEMELTET? √©s VAGYONKEZEL? KORL√Å,HU323,1,09134000-7,2,0,HU323,0,g√°zolaj beszerz√©se,365,no contrac,0,MOL Magyar Olaj- √©s G√°zipari Nyilv√°nosan M?k√∂d? R√©szv√,HU101,hungary,2-Nov-09,2009,151085,call for tender published,negotiation,price plus quality,established by public law,general public services,missing,petroleum products
HU372383,HU11147073,41,110,0.3892916,0,0,0,0,0,4,2,0,1,6,0,4,Hajd√∫-Bihar Megyei √ñnkorm√°nyzat Hivatala,HU321,1,09123000-7,2,0,HU321,0,F√∂ldg√°zbeszerz√©s 2011,369,no contrac,0,TIG√ÅZ Tisz√°nt√∫li G√°zszolg√°ltat√≥ Z√°rtk√∂r?en M?k√∂d?,HU321,hungary,8-Jul-11,2011,204106.76,call for tender published,negotiation,price plus quality,regional/local ,general public services,100<x<=500,petroleum products
HU732813,HU12614356,84,120,0.5785177,0,0,0,0,0,0,0,0,0,0,0,0,J√°noshida K√∂zs√©gi √ñnkorm√°nyzat,HU322,1,09331000-8,2,1,HU322,1,Helyi villamos energia ig√©ny kiel√©g√≠t√©se meg√∫jul√≥ energiaforr√°ssal (EH),NA,no contrac,0,Elektro Mechanix M?szaki √©s Kereskedelmi Korl√°tolt Felel?,HU322,hungary,30-May-11,2011,74943.75,no call for tenders published,open,price plus quality,regional/local ,general public services,25<x<=50,petroleum products
HU728582,HU12867619,69,121,0.5972881,0,3,0,0,2,0,0,3,0,0,3,0,Ny√≠r√°br√°nyi Nagyk√∂zs√©gi √ñnkorm√°nyzat,HU321,1,09331000-8,2,1,HU321,1,‚ÄûNy√≠r√°br√°ny egyes int√©zm√©nyeinek energetikai fejleszt√©se napkollektor rendszer telep√≠t√©s√©vel‚Äù,NA,no contrac,0,K√ñR-TERV 68 Tervez? √©s Kivitelez? Korl√°tolt Felel?ss√©g?,HU321,hungary,9-Mar-12,2012,16.029.542,no call for tenders published,open,price plus quality,regional/local ,general public services,100<x<=500,petroleum products
HU728582,HU12867619,69,121,0.5822585,0,3,0,0,2,0,0,3,0,0,3,0,Ny√≠r√°br√°nyi Nagyk√∂zs√©gi √ñnkorm√°nyzat,HU321,1,09331000-8,2,1,HU321,1,‚ÄûNy√≠r√°br√°ny egyes int√©zm√©nyeinek energetikai fejleszt√©se napkollektor rendszer telep√≠t√©s√©vel‚Äù,NA,no contrac,0,K√ñR-TERV 68 Tervez? √©s Kivitelez? Korl√°tolt Felel?ss√©g?,HU321,hungary,9-Mar-12,2012,86.395.183,no call for tenders published,open,price plus quality,regional/local ,general public services,100<x<=500,petroleum products
HU728692,HU12867619,70,121,0.5171877,0,0,0,0,2,0,0,3,0,0,3,0,Biharnagybajom K√∂zs√©gi √ñnkorm√°nyzat,HU321,1,09332000-5,2,1,HU321,1,‚ÄûA biharnagybajomi Szoci√°lis Alapszolg√°ltat√°si K√∂zpont,,,,,,,,,,,,,,,,
HU728692,HU12867619,70,121,0.5071788,0,0,0,0,2,0,0,3,0,0,3,0,Biharnagybajom K√∂zs√©gi √ñnkorm√°nyzat,HU321,1,09332000-5,2,1,HU321,1,‚ÄûA biharnagybajomi Szoci√°lis Alapszolg√°ltat√°si K√∂zpont,,,,,,,,,,,,,,,,
HU728582,HU12867619,69,121,0.593293,0,3,0,0,2,0,0,3,0,0,3,0,Ny√≠r√°br√°nyi Nagyk√∂zs√©gi √ñnkorm√°nyzat,HU321,1,09331000-8,2,1,HU321,1,‚ÄûNy√≠r√°br√°ny egyes int√©zm√©nyeinek energetikai fejleszt√©se napkollektor rendszer telep√≠t√©s√©vel‚Äù,NA,no contrac,0,K√ñR-TERV 68 Tervez? √©s Kivitelez? Korl√°tolt Felel?ss√©g?,HU321,hungary,9-Mar-12,2012,13.926.836,no call for tenders published,open,price plus quality,regional/local ,general public services,100<x<=500,petroleum products
HU728582,HU12867619,69,121,0.5839615,0,3,0,0,2,0,0,3,0,0,3,0,Ny√≠r√°br√°nyi Nagyk√∂zs√©gi √ñnkorm√°nyzat,HU321,1,09331000-8,2,1,HU321,1,‚ÄûNy√≠r√°br√°ny egyes int√©zm√©nyeinek energetikai fejleszt√©se napkollektor rendszer telep√≠t√©s√©vel‚Äù,NA,no contrac,0,K√ñR-TERV 68 Tervez? √©s Kivitelez? Korl√°tolt Felel?ss√©g?,HU321,hungary,9-Mar-12,2012,94.096.974,no call for tenders published,open,price plus quality,regional/local ,general public services,100<x<=500,petroleum products
HU731432,HU12898019,80,122,0.4050926,0,0,0,0,2,17,6,1,2,136,3,51,Marcali V√°ros √ñnkorm√°nyzata,HU232,1,09310000-5,2,0,HU232,0,√Årambeszerz√©s a Marcali √ñnkorm√°nyzat int√©zm√©nyei r√©sz√©re 2012 - eredm√©ny,385,no contrac,0,MVM Partner Energiakereskedelmi Z√°rtk√∂r?en M√ºk√∂d? R√©sz,HU101,hungary,9-Dec-11,2011,144397.53,call for tender published,open,price plus quality,missing,general public services,50<x<=100,petroleum products
HU731432,HU12898019,80,122,0.4050926,0,0,0,0,2,17,6,1,2,136,3,51,Marcali V√°ros √ñnkorm√°nyzata,HU232,1,09310000-5,2,0,HU232,0,√Årambeszerz√©s a Marcali √ñnkorm√°nyzat int√©zm√©nyei r√©sz√©re 2012 - eredm√©ny,385,no contrac,0,MVM Partner Energiakereskedelmi Z√°rtk√∂r?en M√ºk√∂d? R√©sz,HU101,hungary,9-Dec-11,2011,18.946.589,call for tender published,open,price plus quality,missing,general public services,50<x<=100,petroleum products
HU13851325,HU12928130,16,123,0.4289438,0,1,0,0,11,6,0,1,0,10,1,10,HungaroControl Magyar L√©giforgalmi Szolg√°lat Z√°rtk√∂,HU101,1,09310000-5,2,0,HU1,,,,,,,,,,,,,,,,,,
HU729611,HU13799047,74,127,0.4149864,0,0,0,0,2,4,3,0,1,6,3,12,Tata V√°ros √ñnkorm√°nyzata,HU212,1,09123000-7,2,0,HU212,0,Tata-F√∂ldg√°z beszerz√©s-T√°j.elj.eredm.,320,no contrac,0,GDF SUEZ Energia Magyarorsz√°g Z√°rtk√∂r?en M?k√∂d? R√©szv√,HU333,hungary,22-Aug-11,2011,183133,call for tender published,negotiation,price plus quality,regional/local ,general public services,100<x<=500,petroleum products
HU384005,HU13799047,43,127,0.4426751,0,0,0,0,2,4,3,0,1,6,3,12,Kom√°rom-Esztergom Megyei √ñnkorm√°nyzati Hivatal,HU212,1,09123000-7,2,0,HU212,0,KEMOH - G√°z beszerz√©s,NA,no contrac,0,GDF SUEZ Energia Magyarorsz√°g Z√°rtk√∂r?en M?k√∂d? R√©szv√,HU333,hungary,18-Apr-11,2011,45240,no call for tenders published,negotiation,price plus quality,regional/local ,general public services,50<x<=100,petroleum products
HU728582,HU14801206,69,133,0.5753535,0,3,0,0,2,0,0,2,0,0,0,0,Ny√≠r√°br√°nyi Nagyk√∂zs√©gi √ñnkorm√°nyzat,HU321,1,09332000-5,2,1,HU321,0,‚ÄûNy√≠r√°br√°ny egyes int√©zm√©nyeinek energetikai fejleszt√©se napelem rendszer telep√≠t√©s√©vel‚Äù,NA,no contrac,0,GREENETIK Energiaszolg√°ltat√≥,,,,,,,,,,,,
HU728582,HU14801206,69,133,0.5444597,0,3,0,0,2,0,0,2,0,0,0,0,Ny√≠r√°br√°nyi Nagyk√∂zs√©gi √ñnkorm√°nyzat,HU321,1,09332000-5,2,1,HU321,0,‚ÄûNy√≠r√°br√°ny egyes int√©zm√©nyeinek energetikai fejleszt√©se napelem rendszer telep√≠t√©s√©vel‚Äù,NA,no contrac,0,GREENETIK Energiaszolg√°ltat√≥,,,,,,,,,,,,
HU728582,HU14801206,69,133,0.5366411,0,3,0,0,2,0,0,2,0,0,0,0,Ny√≠r√°br√°nyi Nagyk√∂zs√©gi √ñnkorm√°nyzat,HU321,1,09332000-5,2,1,HU321,0,‚ÄûNy√≠r√°br√°ny egyes int√©zm√©nyeinek energetikai fejleszt√©se napelem rendszer telep√≠t√©s√©vel‚Äù,NA,no contrac,0,GREENETIK Energiaszolg√°ltat√≥,,,,,,,,,,,,
HU728582,HU14801206,69,133,0.6364921,0,3,0,0,2,0,0,2,0,0,0,0,Ny√≠r√°br√°nyi Nagyk√∂zs√©gi √ñnkorm√°nyzat,HU321,1,09332000-5,2,1,HU321,0,‚ÄûNy√≠r√°br√°ny egyes int√©zm√©nyeinek energetikai fejleszt√©se napelem rendszer telep√≠t√©s√©vel‚Äù,NA,no contrac,0,GREENETIK Energiaszolg√°ltat√≥,,,,,,,,,,,,
HU728582,HU14801206,69,133,0.5715375,0,3,0,0,2,0,0,2,0,0,0,0,Ny√≠r√°br√°nyi Nagyk√∂zs√©gi √ñnkorm√°nyzat,HU321,1,09332000-5,2,1,HU321,0,‚ÄûNy√≠r√°br√°ny egyes int√©zm√©nyeinek energetikai fejleszt√©se napelem rendszer telep√≠t√©s√©vel‚Äù,NA,no contrac,0,GREENETIK Energiaszolg√°ltat√≥,,,,,,,,,,,,
HU728582,HU14801206,69,133,0.5452941,0,3,0,0,2,0,0,2,0,0,0,0,Ny√≠r√°br√°nyi Nagyk√∂zs√©gi √ñnkorm√°nyzat,HU321,1,09332000-5,2,1,HU321,0,‚ÄûNy√≠r√°br√°ny egyes int√©zm√©nyeinek energetikai fejleszt√©se napelem rendszer telep√≠t√©s√©vel‚Äù,NA,no contrac,0,GREENETIK Energiaszolg√°ltat√≥,,,,,,,,,,,,
HU728582,HU14801206,69,133,0.5366411,0,3,0,0,2,0,0,2,0,0,0,0,Ny√≠r√°br√°nyi Nagyk√∂zs√©gi √ñnkorm√°nyzat,HU321,1,09332000-5,2,1,HU321,0,‚ÄûNy√≠r√°br√°ny egyes int√©zm√©nyeinek energetikai fejleszt√©se napelem rendszer telep√≠t√©s√©vel‚Äù,NA,no contrac,0,GREENETIK Energiaszolg√°ltat√≥,,,,,,,,,,,,
HU728582,HU15000168,69,135,0.5386177,0,3,0,0,2,0,0,2,0,0,0,0,Ny√≠r√°br√°nyi Nagyk√∂zs√©gi √ñnkorm√°nyzat,HU321,1,09332000-5,2,1,HU321,0,‚ÄûNy√≠r√°br√°ny egyes int√©zm√©nyeinek energetikai fejleszt√©se napelem rendszer telep√≠t√©s√©vel‚Äù,NA,no contrac,0,Greenetik Retail Kft.,HU321,hungary,9-Mar-12,2012,12.139.545,no call for tenders published,open,price plus quality,regional/local ,general public services,100<x<=500,petroleum products
HU726467,HU12898019,62,122,0.0867033,1,0,0,16,0,3,6,1,2,136,3,51,Tisza√∫jv√°ros V√°ros √ñnkorm√°nyzata,HU311,NA,09310000-5,1,0,HU311,0,Villamos energia beszerz√©s√©re 2011. √©vre k√∂zvil√°g√≠t√°s c√©lj√°ra Tisza√∫jv√°ros ter√ºlet√©n - t√°j√©koztat√≥ elj√°r√°s eredm√©ny√©r?l,421,no contrac,0,MVM Partner Energiakereskedelmi Z√°rtk√∂r?en M√ºk√∂d? R√©sz,HU101,hungary,11-Mar-11,2011,52994.06,call for tender published,open,lowest price,regional/local ,general public services,100<x<=500,petroleum products
HU308427,HU10773381,28,105,0.0746617,0,0,0,0,0,0,0,0,0,0,0,0,Nyugat-Dun√°nt√∫li K√∂rnyezetv√©delmi √âs V√≠z√ºgyi Iga,HU222,8,09123000-7,1,0,HU22,NA,F√∂ldg√°z ad√°s-v√©teli szerz?d√©s - t√°j√©koztat√≥ az elj√°r√°s eredm√©ny√©r?l,NA,no contrac,0,Magyar Telekom T√°vk√∂zl√©si Nyilv√°nosan M?k√∂d? R√©szv√©n,HU101,hungary,3-Aug-12,2012,41.554.605,call for tender published,open,lowest price,national ,environment,500<x,petroleum products
HU10856417,HU10897830,3,108,0.0721976,3,0,3,4,0,24,2,1,1,1,66,24,M√ÅV Magyar √Ållamvasutak Z√°rtk√∂r?en M?k√∂d? R√©szv√©,HU101,6,09123000-7,1,0,HU1,,,,,,,,,,,,,,,,,,
HU10856417,HU10897830,3,108,0.0721835,3,0,3,4,0,24,2,1,1,1,66,24,M√ÅV Magyar √Ållamvasutak Z√°rtk√∂r?en M?k√∂d? R√©szv√©,HU101,6,09123000-7,1,0,HU1,,,,,,,,,,,,,,,,,,
HU10856417,HU10897830,3,108,0.0724195,3,0,3,4,0,24,2,1,1,1,66,24,M√ÅV Magyar √Ållamvasutak Z√°rtk√∂r?en M?k√∂d? R√©szv√©,HU101,6,09123000-7,1,0,HU1,,,,,,,,,,,,,,,,,,
HU10856417,HU11147073,3,110,0.0710568,3,0,3,4,0,24,2,0,1,6,0,4,M√ÅV Magyar √Ållamvasutak Z√°rtk√∂r?en M?k√∂d? R√©szv√©,HU101,6,09123000-7,1,0,HU1,,,,,,,,,,,,,,,,,,
HU10856417,HU11147073,3,110,0.0705102,3,0,3,4,0,24,2,0,1,6,0,4,M√ÅV Magyar √Ållamvasutak Z√°rtk√∂r?en M?k√∂d? R√©szv√©,HU101,6,09123000-7,1,0,HU1,,,,,,,,,,,,,,,,,,
HU10856417,HU10897830,3,108,0.0725075,3,0,3,4,0,24,2,1,1,1,66,24,M√ÅV Magyar √Ållamvasutak Z√°rtk√∂r?en M?k√∂d? R√©szv√©,HU101,5,09123000-7,1,0,HU1,,,,,,,,,,,,,,,,,,
HU10856417,HU10897830,3,108,0.0716273,3,0,3,4,0,24,2,1,1,1,66,24,M√ÅV Magyar √Ållamvasutak Z√°rtk√∂r?en M?k√∂d? R√©szv√©,HU101,5,09123000-7,1,0,HU1,,,,,,,,,,,,,,,,,,
HU10856417,HU10897830,3,108,0.0719878,3,0,3,4,0,24,2,1,1,1,66,24,M√ÅV Magyar √Ållamvasutak Z√°rtk√∂r?en M?k√∂d? R√©szv√©,HU101,5,09123000-7,1,0,HU1,,,,,,,,,,,,,,,,,,
HU14767388,HU10897830,21,108,0.4741831,0,0,0,0,11,2,2,1,1,1,66,24,Szabolcs-Szatm√°r-Bereg Megyei Eg√©szs√©g√ºgyi Szervez√,HU323,5,09123000-7,1,0,HU323,0,F√∂ldg√°z beszerz√©s 2010-2011,NA,no contrac,0,F?v√°rosi G√°zm?vek Z√°rtk√∂r?en M?k√∂d? R√©szv√©nyt√°rsas√,HU101,hungary,11-Oct-10,2010,1413614.4,call for tender published,invitation,lowest price,established by public law,finance,missing,petroleum products
HU10856417,HU10897830,3,108,0.0714127,3,0,3,4,0,24,2,1,1,1,66,24,M√ÅV Magyar √Ållamvasutak Z√°rtk√∂r?en M?k√∂d? R√©szv√©,HU101,5,09123000-7,1,0,HU1,,,,,,,,,,,,,,,,,,
HU724737,HU12898019,57,122,0.0857444,0,0,1,16,2,7,6,1,2,136,3,51,Kiskunf√©legyh√°za V√°ros √ñnkorm√°nyzata,HU331,5,09310000-5,1,0,HU331,0,Kiskunf√©legyh√°za V√°ros √ñnkorm√°nyzata sz√°m√°ra k√∂zvil√°g√≠t√°shoz sz√ºks√©ges elektromos energia beszerz√©se - t√°j√©koztat√≥ az elj√°r√°s eredm√©ny√©r?l,682,no contrac,0,MVM Partner Energiakereskedelmi Z√°rtk√∂r?en M√ºk√∂d? R√©sz,HU101,hungary,8-Feb-10,2010,81.668.813,call for tender published,open,lowest price,regional/local ,general public services,100<x<=500,petroleum products
HU10856417,HU10897830,3,108,0.0713545,3,0,3,4,0,24,2,1,1,1,66,24,M√ÅV Magyar √Ållamvasutak Z√°rtk√∂r?en M?k√∂d? R√©szv√©,HU101,4,09123000-7,1,0,HU1,,,,,,,,,,,,,,,,,,
HU10856417,HU10897830,3,108,0.0717762,3,0,3,4,0,24,2,1,1,1,66,24,M√ÅV Magyar √Ållamvasutak Z√°rtk√∂r?en M?k√∂d? R√©szv√©,HU101,4,09123000-7,1,0,HU1,,,,,,,,,,,,,,,,,,
HU10856417,HU10897830,3,108,0.0711122,3,0,3,4,0,24,2,1,1,1,66,24,M√ÅV Magyar √Ållamvasutak Z√°rtk√∂r?en M?k√∂d? R√©szv√©,HU101,4,09123000-7,1,0,HU1,,,,,,,,,,,,,,,,,,
HU14605749,HU11147073,20,110,0.0383073,0,0,0,3,0,1,2,0,1,6,0,4,Magyar K√∂z√∫t Nonprofit Z√°rtk√∂r?en M?k√∂d? R√©szv√©n,HU101,4,09121200-5,1,0,HU,NA,T√°j√©koztat√≥ az elj√°r√°s eredm√©ny√©r?l - F√∂ldg√°z beszerz√©s 2012-2013.,370,no contrac,0,TIG√ÅZ Tisz√°nt√∫li G√°zszolg√°ltat√≥ Z√°rtk√∂r?en M?k√∂d?,HU321,hungary,23-Jul-12,2012,1662110.5,call for tender published,open,lowest price,established by public law,welfare,missing,petroleum products
HU12147715,HU11147073,10,110,0.0418934,0,0,0,3,0,1,2,0,1,6,0,4,√Ållami Aut√≥p√°lya Kezel? Z√°rtk√∂r?en m?k√∂d? R√©szv√,HU101,4,09121200-5,1,0,HU1,,,,,,,,,,,,,,,,,,
HU11995340,HU12898019,9,122,0.3885695,0,0,0,0,2,17,6,1,2,136,3,51,Debreceni Vagyonkezel? Z√°rtk√∂r?en M?k√∂d? R√©szv√©nyt,HU321,4,09310000-5,1,0,HU321,0,Villamosenergia beszerz√©s,NA,no contrac,0,MVM Partner Energiakereskedelmi Z√°rtk√∂r?en M√ºk√∂d? R√©sz,HU101,hungary,18-Sep-09,2009,1689120,call for tender published,negotiation,lowest price,established by public law,finance,missing,petroleum products
HU729622,HU12898019,75,122,0.0740342,1,0,0,23,0,8,6,1,2,136,3,51,Kom√°rom V√°ros √ñnkorm√°nyzata,HU212,4,09310000-5,1,0,HU212,0,Kom√°rom villamos energia beszerz√©s - t√°j.,446,no contrac,0,MVM Partner Energiakereskedelmi Z√°rtk√∂r?en M√ºk√∂d? R√©sz,HU101,hungary,6-May-11,2011,60187.5,call for tender published,open,lowest price,regional/local ,general public services,500<x,petroleum products
HU724782,HU12898019,58,122,0.0645742,1,0,0,23,0,8,6,1,2,136,3,51,Kisk?r√∂s V√°ros √ñnkorm√°nyzata,HU331,4,09310000-5,1,0,HU-32,0,Villamos energia beszerz√©se,NA,no contrac,0,MVM Partner Energiakereskedelmi Z√°rtk√∂r?en M√ºk√∂d? R√©sz,HU101,hungary,9-Jul-10,2010,20.508.602,call for tender published,open,lowest price,regional/local ,general public services,100<x<=500,petroleum products
HU10898824,HU12928130,4,123,0.4011691,0,0,0,4,0,2,0,1,0,10,1,10,F?v√°rosi V√≠zm?vek Z√°rtk√∂r?en M?k√∂d? R√©szv√©nyt√°r,HU101,4,09310000-5,1,0,HU102,0,t√°j√©koztat√≥ a villamos energia sz√°ll√≠t√°sa 2010 t√°rgy√∫ elj√°r√°s eredm√©ny√©r?l K√â,NA,no contrac,0,Magyar √Åramszolg√°ltat√≥ Korl√°tolt Felel?ss√©g? T√°rsas√°,HU101,hungary,26-Oct-09,2009,5754457.5,call for tender published,open,lowest price,established by public law,environment,missing,petroleum products
HU12182888,HU12928130,12,123,0.0935404,0,0,0,4,0,2,0,1,0,10,1,10,Magyar Telev√≠zi√≥ Z√°rtk√∂r?en M?k√∂d? R√©szv√©nyt√°rs,HU101,4,09310000-5,1,0,HU101,0,Villamosenergia sz√°ll√≠t√°s - K√â t√°j√©koztat√≥,401,no contrac,0,Magyar √Åramszolg√°ltat√≥ Korl√°tolt Felel?ss√©g? T√°rsas√°,HU101,hungary,19-Feb-10,2010,746920.02,call for tender published,open,lowest price,national ,missing,missing,petroleum products
HU734444,HU13799047,88,127,0.0461995,0,0,0,3,0,3,3,0,1,6,3,12,Nagykanizsa Megyei Jog√∫ V√°ros √ñnkorm√°nyzata,HU223,4,09123000-7,1,0,HU223,NA,T√°j√©koztat√≥ f√∂ldg√°z beszerz√©s eredm√©ny√©r?l,285,no contrac,0,GDF SUEZ Energia Magyarorsz√°g Z√°rtk√∂r?en M?k√∂d? R√©szv√,HU333,hungary,10-Nov-12,2012,104042.14,call for tender published,open,lowest price,regional/local ,general public services,500<x,petroleum products
HU730886,HU13945846,78,129,0.0474359,0,0,0,1,0,0,0,0,0,1,0,0,Kiskunlach√°za Nagyk√∂zs√©g √ñnkorm√°nyzat,HU102,4,09310000-5,1,0,HU102,0,T√°j√©koztat√≥ a villamos energia beszerz√©s t√°rgy√∫ k√∂zbeszerz√©si elj√°r√°s eredm√©ny√©r?l,NA,no contrac,0,DEBELLA Vend√©gl√°t√≥ipari √©s Kereskedelmi Korl√°tolt Fele,HU101,hungary,8-Oct-10,2010,36.351.485,call for tender published,open,lowest price,regional/local ,general public services,100<x<=500,petroleum products
HU724782,HU13958147,58,130,0.0650102,1,0,0,23,0,8,5,0,0,28,10,40,Kisk?r√∂s V√°ros √ñnkorm√°nyzata,HU331,4,09310000-5,1,0,HU-32,0,Villamos energia beszerz√©se,NA,no contrac,0,E.ON Energiaszolg√°ltat√≥ Korl√°tolt Felel?ss√©g? T√°rsas√°,HU101,hungary,9-Jul-10,2010,20.891.607,call for tender published,open,lowest price,regional/local ,general public services,100<x<=500,petroleum products
HU729622,HU13958147,75,130,0.0751862,1,0,0,23,0,8,5,0,0,28,10,40,Kom√°rom V√°ros √ñnkorm√°nyzata,HU212,4,09310000-5,1,0,HU212,0,Kom√°rom villamos energia beszerz√©s - t√°j.,446,no contrac,0,E.ON Energiaszolg√°ltat√≥ Korl√°tolt Felel?ss√©g? T√°rsas√°,HU101,hungary,6-May-11,2011,75945,call for tender published,open,lowest price,regional/local ,general public services,500<x,petroleum products
HU724429,HU13958147,56,130,0.0064652,0,0,0,7,0,5,5,0,0,28,10,40,Kalocsa V√°ros √ñnkorm√°nyzata,HU331,4,09310000-5,1,0,HU331,0,Villamosenergia sz√°ll√≠t√°s - t√°jer,371,no contrac,0,E.ON Energiaszolg√°ltat√≥ Korl√°tolt Felel?ss√©g? T√°rsas√°,HU101,hungary,5-Jul-10,2010,45.628.343,call for tender published,open,lowest price,regional/local ,general public services,100<x<=500,petroleum products
HU493310,HU12898019,49,122,0.0862771,0,0,0,16,0,3,6,1,2,136,3,51,F?v√°rosi √ñnkorm√°nyzat √ârtelmi Fogyat√©kosok Otthona,HU222,3,09310000-5,1,0,HU222,0,T√°j√©koztat√≥ az elj√°r√°s eredm√©ny√©r?l,,,,,,,,,,,,,,,,
HU733557,HU12898019,86,122,0.0448018,1,0,0,18,0,3,6,1,2,136,3,51,Domb√≥v√°r V√°ros √ñnkorm√°nyzata,HU233,3,09310000-5,1,0,HU233,0,Villamos energia beszerz√©s eredm√©ny t√°j√©koztat√≥,425,no contrac,0,MVM Partner Energiakereskedelmi Z√°rtk√∂r?en M√ºk√∂d? R√©sz,HU101,hungary,5-Nov-10,2010,51.517.457,call for tender published,open,lowest price,regional/local ,general public services,50<x<=100,petroleum products
HU730105,HU12898019,77,122,0.0357745,0,0,0,16,0,3,6,1,2,136,3,51,Buda√∂rs V√°ros √ñnkorm√°nyzata,HU102,3,09310000-5,1,0,HU102,0,Villamos energia beszerz√©s,508,no contrac,0,MVM Partner Energiakereskedelmi Z√°rtk√∂r?en M√ºk√∂d? R√©sz,HU101,hungary,6-Sep-10,2010,93456,call for tender published,open,lowest price,regional/local ,general public services,100<x<=500,petroleum products
HU734455,HU12898019,89,122,0.0370978,0,0,0,16,0,3,6,1,2,136,3,51,Zalaegerszeg Megyei Jog√∫ V√°ros √ñnkorm√°nyzata,HU223,3,09310000-5,1,0,HU223,0,aj√°nlatk√©r? k√∂zvil√°g√≠t√°s√°nak √°rambeszerz√©se 2010. √°prilis 1-j√©t?l,296,no contrac,0,MVM Partner Energiakereskedelmi Z√°rtk√∂r?en M√ºk√∂d? R√©sz,HU101,hungary,26-Apr-10,2010,100904.43,call for tender published,open,lowest price,regional/local ,missing,100<x<=500,petroleum products
HU733557,HU12898019,86,122,0.0516659,1,0,0,18,0,3,6,1,2,136,3,51,Domb√≥v√°r V√°ros √ñnkorm√°nyzata,HU233,3,09310000-5,1,0,HU233,0,Villamos energia beszerz√©s eredm√©ny t√°j√©koztat√≥,425,no contrac,0,MVM Partner Energiakereskedelmi Z√°rtk√∂r?en M√ºk√∂d? R√©sz,HU101,hungary,5-Nov-10,2010,91.474.454,call for tender published,open,lowest price,regional/local ,general public services,50<x<=100,petroleum products
HU10898824,HU12928130,4,123,0.0768452,0,0,0,4,0,2,0,1,0,10,1,10,F?v√°rosi V√≠zm?vek Z√°rtk√∂r?en M?k√∂d? R√©szv√©nyt√°r,HU101,3,09310000-5,1,0,HU102,0,Villamos energia teljes ell√°t√°s alap√∫ szerz?d√©s keret√©ben t√∂rt√©n? sz√°ll√≠t√°sa 2013-ban,645,no contrac,0,Magyar √Åramszolg√°ltat√≥ Korl√°tolt Felel?ss√©g? T√°rsas√°,HU101,hungary,23-Jul-12,2012,4562773.1,call for tender published,open,lowest price,established by public law,environment,missing,petroleum products
HU18665161,HU12936773,23,124,0.0634156,0,0,0,1,0,0,0,0,0,1,0,0,G√∂d√∂ll?i Kir√°lyi Kast√©ly K√∂zhaszn√∫ Nonprofit Korl,HU102,3,09310000-5,1,0,HU102,0,Szabv√°nyos min?s√©g? MSZ EN 50160:2001 √©s az MSZ 1:2002 szabv√°nyok el?√≠r√°sainak megfelel? villamos energia beszerz√©se,NA,no contrac,0,JAS Budapest Kereskedelmi √©s Szolg√°lt√≥ Z√°rtk√∂r?en M?k√,HU101,hungary,15-Dec-10,2010,30960,no call for tenders published,missing/error,lowest price,established by public law,leisure,missing,petroleum products
HU308801,HU13101424,31,125,0.0896789,0,0,0,0,0,1,0,0,0,0,0,1,Miskolci Egyetem,HU311,3,09123000-7,1,0,HU311,0,F√∂ldg√°z beszerz√©s a Miskolci Egyetem r√©sz√©re.,331,no contrac,0,EMFESZ Els? Magyar F√∂ldg√°z √©s Energiakereskedelmi √©s Sz,HU101,hungary,27-Aug-10,2010,324627.13,call for tender published,open,lowest price,national ,education,500<x,petroleum products
HU733612,HU13799047,87,127,0.0482558,1,0,0,10,0,8,3,0,1,6,3,12,K√∂rmend V√°ros √ñnkorm√°nyzata,HU222,3,09123000-7,1,0,HU222,NA,K√∂rmend V√°ros √ñnkorm√°nyzata - f√∂ldg√°z,290,no contrac,0,GDF SUEZ Energia Magyarorsz√°g Z√°rtk√∂r?en M?k√∂d? R√©szv√,HU333,hungary,5-Oct-12,2012,48.212.791,call for tender published,open,lowest price,regional/local ,general public services,50<x<=100,petroleum products
HU10324224,HU13945846,0,129,0.0893257,0,0,0,1,0,0,0,0,0,1,0,0,Duna Telev√≠zi√≥ Z√°rtk√∂r?en M?k√∂d? R√©szv√©nyt√°rsas,HU101,3,09310000-5,1,0,HU101,0,Villamos energia sz√°ll√≠t√°sa.,471,no contrac,0,DEBELLA Vend√©gl√°t√≥ipari √©s Kereskedelmi Korl√°tolt Fele,HU101,hungary,13-Oct-10,2010,146386.9,call for tender published,open,lowest price,national ,missing,missing,petroleum products
HU734477,HU13958147,90,130,0.0660313,0,0,0,7,0,5,5,0,0,28,10,40,Lenti V√°ros √ñnkorm√°nyzata,HU223,3,09310000-5,1,0,HU223,NA,T√°j√©koztat√≥ a villamos energia beszerz√©s eredm√©ny√©r?l,459,no contrac,0,E.ON Energiaszolg√°ltat√≥ Korl√°tolt Felel?ss√©g? T√°rsas√°,HU101,hungary,27-Oct-12,2012,64764.98,call for tender published,open,lowest price,regional/local ,general public services,25<x<=50,petroleum products
HU734477,HU13958147,90,130,0.0576979,0,0,0,7,0,5,5,0,0,28,10,40,Lenti V√°ros √ñnkorm√°nyzata,HU223,3,09310000-5,1,0,HU223,NA,T√°j√©koztat√≥ a villamos energia beszerz√©s eredm√©ny√©r?l,459,no contrac,0,E.ON Energiaszolg√°ltat√≥ Korl√°tolt Felel?ss√©g? T√°rsas√°,HU101,hungary,27-Oct-12,2012,44.109.953,call for tender published,open,lowest price,regional/local ,general public services,25<x<=50,petroleum products
HU724089,HU13958147,55,130,0.4137036,0,0,0,0,4,8,5,0,0,28,10,40,Sellye V√°ros √ñnkorm√°nyzat,HU231,3,09310000-5,1,0,HU231,0,Villamos energia beszerz√©s,NA,no contrac,0,E.ON Energiaszolg√°ltat√≥ Korl√°tolt Felel?ss√©g? T√°rsas√°,HU101,hungary,16-Nov-11,2011,70.971.093,no call for tenders published,open,lowest price,regional/local ,general public services,50<x<=100,petroleum products
HU728021,HU13958147,65,130,0.0372369,3,0,0,26,0,11,5,0,0,28,10,40,Kapuv√°r V√°rosi √ñnkorm√°nyzat,HU221,3,09310000-5,1,0,HU221,NA,Kapuv√°r V√°ros √ñnkorm√°nyzata - villamos energia (t√°j√©koztat√≥),624,no contrac,0,E.ON Energiaszolg√°ltat√≥ Korl√°tolt Felel?ss√©g? T√°rsas√°,HU101,hungary,22-Jun-12,2012,40417.31,call for tender published,open,lowest price,regional/local ,general public services,50<x<=100,petroleum products
HU734477,HU13958147,90,130,0.046948,0,0,0,7,0,5,5,0,0,28,10,40,Lenti V√°ros √ñnkorm√°nyzata,HU223,3,09310000-5,1,0,HU223,NA,T√°j√©koztat√≥ a villamos energia beszerz√©s eredm√©ny√©r?l,459,no contrac,0,E.ON Energiaszolg√°ltat√≥ Korl√°tolt Felel?ss√©g? T√°rsas√°,HU101,hungary,27-Oct-12,2012,21.479.577,call for tender published,open,lowest price,regional/local ,general public services,25<x<=50,petroleum products
HU733612,HU13958147,87,130,0.0928228,1,0,0,10,0,8,5,0,0,28,10,40,K√∂rmend V√°ros √ñnkorm√°nyzata,HU222,3,09310000-5,1,0,HU222,NA,T√°j√©koztat√≥ az elj√°r√°s eredm√©ny√©r?l-K√∂rmend villamos energia beszerz√©s,603,no contrac,0,E.ON Energiaszolg√°ltat√≥ Korl√°tolt Felel?ss√©g? T√°rsas√°,HU101,hungary,23-May-12,2012,26.790.955,call for tender published,open,lowest price,regional/local ,general public services,50<x<=100,petroleum products
HU14823495,HU13958147,22,130,0.0520316,0,0,0,7,0,5,5,0,0,28,10,40,Sz√©kesfeh√©rv√°r V√°rosgondnoks√°ga Korl√°tolt Felel?s,HU211,3,09310000-5,1,0,HU211,NA,V√°rosi k√∂zvil√°g√≠t√°si berendez√©sek energiaell√°t√°sa,182,no contrac,0,E.ON Energiaszolg√°ltat√≥ Korl√°tolt Felel?ss√©g? T√°rsas√°,HU101,hungary,12-Oct-12,2012,167149.9,call for tender published,open,lowest price,established by public law,general public services,missing,petroleum products
HU725514,HU10734441,61,102,0.0714356,0,0,0,2,0,0,0,0,0,3,0,0,Orosh√°za V√°ros √ñnkorm√°nyzata,HU332,2,09310000-5,1,0,HU332,0,Villamosenergia-beszerz√©s Orosh√°za V√°ros √ñnkorm√°nyzata √©s int√©zm√©nyei r√©sz√©re,NA,no contrac,0,EDF D√âM√ÅSZ Zrt.,HU333,hungary,23-May-11,2011,67.418.321,no call for tenders published,missing/error,lowest price,regional/local ,general public services,100<x<=500,petroleum products
HU729392,HU10737743,73,103,0.0638691,0,0,0,0,0,0,0,0,0,0,0,0,Hatvan V√°rosi √ñnkorm√°nyzat,HU312,2,09123000-7,1,0,HU312,0,Villamos energia beszerz√©se,NA,no contrac,0,√âszak-magyarorsz√°gi √Åramszolg√°ltat√≥ Nyilv√°nosan M?k√∂,HU311,hungary,4-Feb-11,2011,21.842.612,no call for tenders published,missing/error,lowest price,regional/local ,general public services,500<x,petroleum products
HU12519718,HU10768033,14,104,0.0737497,0,0,0,0,0,0,0,0,0,0,0,0,Nemzeti Sz√≠nh√°z Z√°rtk√∂r?en M?k√∂d? R√©szv√©nyt√°rsa,HU101,2,09310000-5,1,1,HU102,1,villamos √°ram v√°s√°rl√°sa a Nemzeti Sz√≠nh√°z Zrt. r√©sz√©re,330,no contrac,0,Budapesti Elektromos M?vek Nyilv√°nosan M?k√∂d? R√©szv√©nyt,HU101,hungary,29-Nov-10,2010,196020,call for tender published,open,lowest price,established by public law,leisure,missing,petroleum products
HU597308,HU10897830,52,108,0.3859535,0,0,0,0,11,2,2,1,1,1,66,24,V√≠z√ºgyi √âs K√∂rnyezetv√©delmi K√∂zponti Igazgat√≥s√°,HU101,2,09123000-7,1,0,HU101,0,F√∂ldg√°z beszerz√©s -2.sz.mell√©klet,NA,contract m,0,F?v√°rosi G√°zm?vek Z√°rtk√∂r?en M?k√∂d? R√©szv√©nyt√°rsas√,HU101,hungary,12-Jun-09,2009,227629.94,call for tender published,negotiation,lowest price,other/private ,missing,100<x<=500,petroleum products
HU752028,HU10897830,93,108,0.4421669,0,0,0,0,11,2,2,1,1,1,66,24,B√ºntet√©s-V√©grehajt√°s Orsz√°gos Parancsnoks√°ga,HU101,2,09123000-7,1,0,HU101,0,A B√ºntet√©s-V√©grehajt√°s Orsz√°gos Parancsnoks√°g√°nak t√°j√©koztat√≥ja az elj√°r√°s eredm√©ny√©r?l,75,no contrac,0,F?v√°rosi G√°zm?vek Z√°rtk√∂r?en M?k√∂d? R√©szv√©nyt√°rsas√,HU101,hungary,19-Jul-10,2010,2077627.3,call for tender published,negotiation,lowest price,national ,missing,100<x<=500,petroleum products
HU10856417,HU10897830,3,108,0.4116242,3,0,3,4,0,24,2,1,1,1,66,24,M√ÅV Magyar √Ållamvasutak Z√°rtk√∂r?en M?k√∂d? R√©szv√©,HU101,2,09123000-7,1,0,HU1,,,,,,,,,,,,,,,,,,
HU308791,HU10897830,30,108,0.0515543,0,0,0,1,0,12,2,1,1,1,66,24,Budapesti M?szaki √âs Gazdas√°gtudom√°nyi Egyetem,HU101,2,09123000-7,1,0,HU101,0,BME F√∂ldg√°z beszerz√©se 2010,,,,,,,,,,,,,,,,
HU504003,HU10897830,50,108,0.3994286,0,0,0,0,11,2,2,1,1,1,66,24,Budapest F?v√°ros IV.Ker√ºlet √öjpest √ñnkorm√°nyzat Po,HU101,2,09123000-7,1,0,HU101,0,Az √ñnkorm√°nyzat r√©sz√©re f√∂ldg√°z beszerz√©se - eredm√©ny,NA,no contrac,0,F?v√°rosi G√°zm?vek Z√°rtk√∂r?en M?k√∂d? R√©szv√©nyt√°rsas√,HU101,hungary,14-Dec-11,2011,1705600,call for tender published,negotiation,lowest price,missing,general public services,100<x<=500,petroleum products
HU13980335,HU11147073,17,110,0.0555215,0,0,0,3,0,1,2,0,1,6,0,4,SZOVA Szombathelyi Vagyonhasznos√≠t√≥ √©s V√°rosgazd√°l,HU222,2,09123000-7,1,0,HU232,NA,SZOVA - ‚ÄûF√∂ldg√°z beszerz√©s 2012‚Äù,334,no contrac,0,TIG√ÅZ Tisz√°nt√∫li G√°zszolg√°ltat√≥ Z√°rtk√∂r?en M?k√∂d?,HU321,hungary,17-Aug-12,2012,101882.3,call for tender published,open,lowest price,established by public law,general public services,missing,petroleum products
HU12568011,HU12461062,15,117,0.0916224,0,0,0,2,0,0,1,0,0,3,0,0,P√©cs Holding V√°rosi Vagyonkezel? Z√°rtk√∂r?en M?k√∂d?,HU231,2,09310000-5,1,0,HU231,0,villamosenergia,267,no contrac,0,ELMIB Els? Magyar Infrastrukt√∫ra Befektet√©si Z√°rtk√∂r?en,HU223,hungary,15-Jun-09,2009,225931.13,call for tender published,open,lowest price,established by public law,missing,missing,petroleum products
HU733557,HU12461062,86,117,0.0564435,1,0,0,18,0,3,1,0,0,3,0,0,Domb√≥v√°r V√°ros √ñnkorm√°nyzata,HU233,2,09310000-5,1,0,HU233,0,Villamos energia beszerz√©s eredm√©ny t√°j√©koztat√≥,425,no contrac,0,ELMIB Els? Magyar Infrastrukt√∫ra Befektet√©si Z√°rtk√∂r?en,HU311,hungary,5-Nov-10,2010,122049.72,call for tender published,open,lowest price,regional/local ,general public services,50<x<=100,petroleum products
HU429739,HU12461062,44,117,0.0682926,0,0,0,2,0,0,1,0,0,3,0,0,Magyar Imre K√≥rh√°z,HU213,2,09123000-7,1,0,HU213,0,F√∂ldg√°z energia beszerz√©s,NA,no contrac,0,ELMIB Els? Magyar Infrastrukt√∫ra Befektet√©si Z√°rtk√∂r?en,HU311,hungary,4-Apr-11,2011,29396.39,no call for tenders published,missing/error,lowest price,regional/local ,missing,500<x,petroleum products
HU728526,HU12898019,68,122,0.0777745,0,0,0,16,0,3,6,1,2,136,3,51,Hajd√∫dorog V√°ros √ñnkorm√°nyzata,HU321,2,09310000-5,1,0,HU321,0,Hajd√∫dorog V√°ros √ñnkorm√°nyzata √©s int√©zm√©nyei r√©sz√©re villamos energia beszerz√©s teljes ell√°t√°s alap√∫ szerz?d√©s keret√©ben menetrendad√°s k√∂telezetts√©ge n√©lk√ºl.,NA,no contrac,0,MVM Partner Energiakereskedelmi Z√°rtk√∂r?en M√ºk√∂d? R√©sz,HU101,hungary,2-Dec-11,2011,39.745.656,no call for tenders published,missing/error,lowest price,missing,general public services,25<x<=50,petroleum products
HU732693,HU12898019,83,122,0.0656608,0,0,1,16,0,3,6,1,2,136,3,51,Kis√∫jsz√°ll√°s V√°rosi √ñnkorm√°nyzat,HU322,2,09310000-5,1,0,HU322,0,Villamos energia beszerz√©s,NA,no contrac,0,MVM Partner Energiakereskedelmi Z√°rtk√∂r?en M√ºk√∂d? R√©sz,HU101,hungary,11-Feb-11,2011,83419.24,no call for tenders published,missing/error,lowest price,regional/local ,general public services,100<x<=500,petroleum products
HU728021,HU12898019,65,122,0.0403177,3,0,0,26,0,11,6,1,2,136,3,51,Kapuv√°r V√°rosi √ñnkorm√°nyzat,HU221,2,09310000-5,1,0,HU221,NA,Kapuv√°r V√°ros √ñnkorm√°nyzata - villamos energia (t√°j√©koztat√≥),624,no contrac,0,MVM Partner Energiakereskedelmi Z√°rtk√∂r?en M√ºk√∂d? R√©sz,HU101,hungary,22-Jun-12,2012,92.011.946,call for tender published,open,lowest price,regional/local ,general public services,50<x<=100,petroleum products
HU308647,HU12898019,29,122,0.0460145,0,0,0,16,0,3,6,1,2,136,3,51,Nemzeti Er?forr√°s Miniszt√©rium Asz√≥di Jav√≠t√≥int√©z,HU102,2,09310000-5,1,0,HU102,0,Villamos energia beszerz√©s,414,no contrac,0,MVM Partner Energiakereskedelmi Z√°rtk√∂r?en M√ºk√∂d? R√©sz,HU101,hungary,22-Dec-10,2010,33.557.969,call for tender published,open,lowest price,established by public law,missing,100<x<=500,petroleum products
HU731784,HU12898019,82,122,0.0447068,0,0,0,16,0,3,6,1,2,136,3,51,Kisv√°rda V√°ros √ñnkorm√°nyzata,HU323,2,09310000-5,1,0,HU323,NA,Villamos energia beszerz√©se 2012-2013. √©vekre - t√°j√©koztat√≥ az elj√°r√°s eredm√©ny√©r?l,487,no contrac,0,MVM Partner Energiakereskedelmi Z√°rtk√∂r?en M√ºk√∂d? R√©sz,HU101,hungary,28-Nov-12,2012,77.408.016,call for tender published,open,lowest price,regional/local ,general public services,100<x<=500,petroleum products
HU725228,HU12898019,59,122,0.0690285,0,0,0,16,0,3,6,1,2,136,3,51,Mez?kov√°csh√°za V√°ros √ñnkorm√°nyzata,HU332,2,09310000-5,1,0,HU332,0,Villamos energia beszerz√©s ‚Äì K√∂zvil√°g√≠t√°si felhaszn√°l√°sra,NA,no contrac,0,MVM Partner Energiakereskedelmi Z√°rtk√∂r?en M√ºk√∂d? R√©sz,HU101,hungary,21-Mar-11,2011,36088.2,no call for tenders published,missing/error,lowest price,regional/local ,general public services,50<x<=100,petroleum products
HU492511,HU12898019,48,122,0.0788788,0,0,0,16,0,3,6,1,2,136,3,51,F?v√°rosi √ñnkorm√°nyzat Id?sek Otthona,HU101,2,09310000-5,1,0,HU101,0,Villamos energia beszerz√©s,NA,no contrac,0,MVM Partner Energiakereskedelmi Z√°rtk√∂r?en M√ºk√∂d? R√©sz,HU101,hungary,28-Jan-11,2011,57.232.947,no call for tenders published,missing/error,lowest price,regional/local ,missing,100<x<=500,petroleum products
HU730084,HU12898019,76,122,0.0856152,0,0,0,16,0,3,6,1,2,136,3,51,Biatorb√°gy V√°ros √ñnkorm√°nyzata,HU102,2,09310000-5,1,0,HU102,NA,Biatorb√°gy V√°ros √ñnkorm√°nyzata - villamos energia,650,no contrac,0,MVM Partner Energiakereskedelmi Z√°rtk√∂r?en M√ºk√∂d? R√©sz,HU101,hungary,16-May-12,2012,37.822.245,call for tender published,open,lowest price,regional/local ,general public services,100<x<=500,petroleum products
HU728526,HU12898019,68,122,0.0688822,0,0,0,16,0,3,6,1,2,136,3,51,Hajd√∫dorog V√°ros √ñnkorm√°nyzata,HU321,2,09310000-5,1,0,HU321,0,Hajd√∫dorog V√°ros √ñnkorm√°nyzata √©s int√©zm√©nyei r√©sz√©re villamos energia beszerz√©s teljes ell√°t√°s alap√∫ szerz?d√©s keret√©ben menetrendad√°s k√∂telezetts√©ge n√©lk√ºl.,NA,no contrac,0,MVM Partner Energiakereskedelmi Z√°rtk√∂r?en M√ºk√∂d? R√©sz,HU101,hungary,2-Dec-11,2011,16.001.014,no call for tenders published,missing/error,lowest price,missing,general public services,25<x<=50,petroleum products
HU725503,HU12928130,60,123,0.0782055,0,0,0,4,0,2,0,1,0,10,1,10,Gyula V√°ros √ñnkorm√°nyzata,HU332,2,09310000-5,1,0,HU332,0,Gyula v√°ros k√∂zvil√°g√≠t√°s villamos energia beszerz√©se,350,no contrac,0,Magyar √Åramszolg√°ltat√≥ Korl√°tolt Felel?ss√©g? T√°rsas√°,HU101,hungary,24-Mar-10,2010,88.241.525,call for tender published,open,lowest price,regional/local ,general public services,100<x<=500,petroleum products
HU10901232,HU12928130,5,123,0.5341308,0,0,0,0,1,5,0,1,0,10,1,10,Magyar Posta Z√°rtk√∂r?en M?k√∂d? R√©szv√©nyt√°rsas√°g,HU101,2,09310000-5,1,0,HU,0,villamosenergia beszerz√©se,NA,no contrac,0,Magyar √Åramszolg√°ltat√≥ Korl√°tolt Felel?ss√©g? T√°rsas√°,HU101,hungary,17-Feb-10,2010,3118615.5,no call for tenders published,open,lowest price,other/private ,missing,missing,petroleum products
HU727002,HU12928130,64,123,0.0729587,0,0,0,4,0,2,0,1,0,10,1,10,Duna√∫jv√°ros Megyei Jog√∫ V√°ros √ñnkorm√°nyzata,,2,09310000-5,1,0,HU211,0,aj√°nlatk√©r? k√∂zvil√°g√≠t√°si berendez√©seinek villamos energia ell√°t√°sa,NA,no contrac,0,Magyar √Åramszolg√°ltat√≥ Korl√°tolt Felel?ss√©g? T√°rsas√°,HU101,hungary,3-Dec-10,2010,286533.32,call for tender published,open,lowest price,regional/local ,missing,100<x<=500,petroleum products
HU731289,HU12936773,79,124,0.0715241,0,0,0,1,0,0,0,0,0,1,0,0,Sz√°zhalombatta V√°ros √ñnkorm√°nyzata,HU102,2,09310000-5,1,0,HU102,0,EH - Sz√°zhalombatta V√°ros √ñnkorm√°nyzata k√∂zvil√°g√≠t√°s√°nak villamos energia beszerz√©se,NA,no contrac,0,JAS Budapest Kereskedelmi √©s Szolg√°lt√≥ Z√°rtk√∂r?en M?k√,HU101,hungary,7-Mar-11,2011,70.032.362,no call for tenders published,missing/error,lowest price,regional/local ,general public services,100<x<=500,petroleum products
HU11085441,HU13799047,6,127,0.0829232,0,0,0,3,0,3,3,0,1,6,3,12,TISZA VOL√ÅN K√∂zleked√©si √©s Szolg√°ltat√≥ Z√°rtk√∂r?,HU333,2,09121200-5,1,0,HU333,0,Tisza Vol√°n Zrt. telephelyeinek f√∂ldg√°z energia ell√°t√°sa II.,234,no contrac,0,GDF SUEZ Energia Magyarorsz√°g Z√°rtk√∂r?en M?k√∂d? R√©szv√,HU333,hungary,14-Feb-11,2011,175437.7,call for tender published,open,lowest price,established by public law,welfare,missing,petroleum products
HU724737,HU13799047,57,127,0.3935538,0,0,1,16,2,7,3,0,1,6,3,12,Kiskunf√©legyh√°za V√°ros √ñnkorm√°nyzata,HU331,2,09123000-7,1,0,HU331,0,Vezet√©kes f√∂ldg√°zbeszerz√©s Kiskunf√©legyh√°za int√©zm√©nyei r√©sz√©re,,,,,,,,,,,,,,,,
HU728021,HU13799047,65,127,0.0423348,3,0,0,26,0,11,3,0,1,6,3,12,Kapuv√°r V√°rosi √ñnkorm√°nyzat,HU221,2,09123000-7,1,0,HU221,NA,Kapuv√°r V√°ros √ñnkorm√°nyzata - f√∂ldg√°z energia (t√°j√©koztat√≥),441,no contrac,0,GDF SUEZ Energia Magyarorsz√°g Z√°rtk√∂r?en M?k√∂d? R√©szv√,HU333,hungary,1-Jun-12,2012,123398.03,call for tender published,open,lowest price,regional/local ,general public services,50<x<=100,petroleum products
HU731597,HU13958147,81,130,0.0863664,0,0,0,7,0,5,5,0,0,28,10,40,Kaposv√°r Megyei Jog√∫ V√°ros √ñnkorm√°nyzata,HU232,2,09123000-7,1,0,,0,Kaposv√°r Megyei Jog√∫ V√°ros √ñnkorm√°nyzata - Sz√°ll√≠t√°si szerz?d√©s Kaposv√°r Megyei Jog√∫ V√°ros √ñnkorm√°nyzata int√©zm√©nyeinek (5 db) f√∂ldg√°zzal t√∂rt√©n? ell√°t√°s√°ra - Nemzeti t√°j√©koztat√≥ az,253,no contrac,0,E.ON Energiaszolg√°ltat√≥ Korl√°tolt Felel?ss√©g? T√°rsas√°,HU101,hungary,10-Nov-10,2010,344850,call for tender published,open,lowest price,regional/local ,general public services,100<x<=500,petroleum products
HU20933713,HU14292615,26,131,0.0361223,0,0,0,0,0,0,0,0,0,0,0,0,Educatio T√°rsadalmi Szolg√°ltat√≥ Nonprofit Korl√°tolt,HU101,2,09310000-5,1,1,HU221,NA,t√°j√©koztat√≥ az elj√°r√°s eredm√©ny√©r?l villamosenergia beszerz√©s,491,no contrac,0,ALTEO Energiaszolg√°ltat√≥ Z√°rtk√∂r?en M?k√∂d? R√©szv√©nyt,HU101,hungary,1-Oct-12,2012,53.145.222,call for tender published,open,lowest price,established by public law,education,missing,petroleum products
HU726467,HU15000285,62,136,0.0389427,1,0,0,16,0,3,1,0,0,0,0,0,Tisza√∫jv√°ros V√°ros √ñnkorm√°nyzata,HU311,2,09310000-5,1,0,HU311,NA,"Villamos energia beszerz√©se k√∂zvil√°g√≠t√°s c√©lj√°ra 2012. √©vre Tisza√∫jv√°ros ter√ºlet√©n"" t√°rgy√∫ k√∂zbeszerz√©si elj√°r√°s eredm√©ny√©r?l sz√≥l√≥ t√°j√©koztat√≥.""",366,no contrac,0,MVM Partner Energiakereskedelmi Zrt,,hungary,14-May-12,2012,52.029.098,call for tender published,open,lowest price,regional/local ,general public services,100<x<=500,petroleum products
HU23501894,HU23443486,27,137,0.0843004,0,0,0,0,0,0,0,0,0,0,0,0,BKK K√ñZ√öT Z√ÅRTK√ñR?EN M?K√ñD? R√âSZV√âNYT√ÅRSAS√ÅG,HU101,2,09123000-7,1,0,HU101,NA,BKK K√∂z√∫t Zrt. - f√∂ldg√°z energia beszerz√©se,568,no contrac,0,F?G√ÅZ CNG KORL√ÅTOLT FELEL?SS√âG? T√ÅRSAS√ÅG,HU101,hungary,31-Dec-12,2012,84.601.314,call for tender published,open,lowest price,regional/local ,general public services,missing,petroleum products
HU714031,HU10509744,53,98,0.5004961,0,3,0,0,2,0,0,2,0,0,0,0,Honv√©delmi Miniszt√©rium Fegyverzeti √âs Hadbiztosi Hi,HU101,1,09211000-1,1,0,HU,0,Magyar Honv√©ds√©g sz√°razf√∂ldi szaktechnikai eszk√∂zeinek √ºzemeltet√©s√©hez,,,,,,,,,,,,,,,,
HU714031,HU10542925,53,99,0.5007332,0,3,0,0,2,0,0,3,0,0,3,0,Honv√©delmi Miniszt√©rium Fegyverzeti √âs Hadbiztosi Hi,HU101,1,09211000-1,1,0,HU,0,Magyar Honv√©ds√©g sz√°razf√∂ldi szaktechnikai eszk√∂zeinek √ºzemeltet√©s√©hez,,,,,,,,,,,,,,,,
HU308900,HU10542925,32,99,0.5010585,0,0,0,0,2,0,0,3,0,0,3,0,Sz√©chenyi Istv√°n Egyetem,HU221,1,09132000-3,1,0,HU221,0,T√°j√©koztat√≥ az elj√°r√°s eredm√©ny√©r?l √ºzemanyag-beszerz√©s t√°rgy√°ban,28,no contrac,0,OMV HUNG√ÅRIA √ÅSV√ÅNYOLAJ KFT,HU101,hungary,30-Sep-11,2011,20.560.132,no call for tenders published,open,lowest price,national ,education,500<x,petroleum products
HU773065,HU10620159,96,100,0.4487036,0,6,0,0,0,0,0,3,0,0,0,0,√ìbudai Egyetem,HU101,1,09332000-5,1,1,HU101,NA,Egyedi napelemes k√≠s√©rleti berendez√©s beszerz√©se,NA,no contrac,0,K√ÅLA M√úSZAKI,,,,,,,,,,,,
HU13851325,HU10625790,16,101,0.5399529,0,1,0,0,11,6,2,2,1,0,55,11,HungaroControl Magyar L√©giforgalmi Szolg√°lat Z√°rtk√∂,HU101,1,09132000-3,1,0,HU10,0,√územanyag beszerz√©se,NA,no contrac,0,MOL Magyar Olaj- √©s G√°zipari Nyilv√°nosan M?k√∂d? R√©szv√,HU101,hungary,11-Nov-09,2009,23952.5,no call for tenders published,other/framework,lowest price,established by public law,missing,missing,petroleum products
HU13851325,HU10625790,16,101,0.5022154,0,1,0,0,11,6,2,2,1,0,55,11,HungaroControl Magyar L√©giforgalmi Szolg√°lat Z√°rtk√∂,HU101,1,09132000-3,1,0,HU101,0,√územanyag beszerz√©se,NA,no contrac,0,MOL Magyar Olaj- √©s G√°zipari Nyilv√°nosan M?k√∂d? R√©szv√,HU101,hungary,25-Jan-10,2010,133560,no call for tenders published,other/framework,lowest price,established by public law,missing,missing,petroleum products
HU14077340,HU10625790,18,101,0.5074394,0,0,0,0,10,1,2,2,1,0,55,11,Magyar Nemzeti Vagyonkezel? Z√°rtk√∂r?en m?k√∂d? R√©szv,HU101,1,09130000-9,1,0,,NA,Sz√°ll√≠t√°si keretszerz?d√©s g√©pj√°rm? √ºzemanyag √©s √ºzemanyagk√°rtya t√∂lt?√°llom√°si kiszolg√°l√°s√°ra.,NA,no contrac,0,MOL Magyar Olaj- √©s G√°zipari Nyilv√°nosan M?k√∂d? R√©szv√,HU101,hungary,9-Apr-10,2010,188500,no call for tenders published,other/framework,lowest price,national ,missing,missing,petroleum products
HU722722,HU10625790,54,101,0.5946197,0,0,0,0,10,1,2,2,1,0,55,11,Orsz√°gos Katasztr√≥fav√©delmi F?igazgat√≥s√°g,HU101,1,09130000-9,1,0,HU,0,G√©pj√°rm?-√ºzemanyag sz√°ll√≠t√°sa √ºzemanyagk√°rty√°s t√∂lt?√°llom√°si kiszolg√°l√°ssal,NA,no contrac,0,MOL Magyar Olaj- √©s G√°zipari Nyilv√°nosan M?k√∂d? R√©szv√,HU101,hungary,10-May-10,2010,724000,no call for tenders published,other/framework,lowest price,national ,defense,100<x<=500,petroleum products
HU10724789,HU10625790,2,101,0.5540181,0,0,0,0,10,1,2,2,1,0,55,11,"SZ√ÅKOM"" Sz√°zhalombattai Kommun√°lis Szolg√°ltat√≥ Ko""",HU102,1,09134000-7,1,0,HU102,0,G√°zolaj beszerz√©s - 2.sz. mell√©klet,1461,no contrac,0,MOL Magyar Olaj- √©s G√°zipari Nyilv√°nosan M?k√∂d? R√©szv√,HU101,hungary,31-Jul-09,2009,131525.46,no call for tenders published,open,lowest price,other/private ,missing,missing,petroleum products
HU756817,HU10625790,94,101,0.638992,0,0,0,0,10,1,2,2,1,0,55,11,Nemzetbiztons√°gi Szakszolg√°lat,HU101,1,09132100-4,1,0,HU,1,A Nemzetbiztons√°gi Szakszolg√°lat √územanyag beszerz√©se t√°rgy√°ban lefolytatott hirdetm√©ny n√©lk√ºli t√°rgyal√°sos elj√°r√°s eredm√©ny√©r?l k√©sz√ºlt t√°j√©koztat√≥,1461,no contrac,0,MOL Magyar Olaj- √©s G√°zipari Nyilv√°nosan M?k√∂d? R√©szv√,HU101,hungary,10-May-10,2010,8637.32,no call for tenders published,other/framework,lowest price,national ,policing,500<x,petroleum products
HU756817,HU10625790,94,101,0.7493211,0,0,0,0,10,1,2,2,1,0,55,11,Nemzetbiztons√°gi Szakszolg√°lat,HU101,1,09132100-4,1,0,HU,0,A Nemzetbiztons√°gi Szakszolg√°lat √územanyag beszerz√©se t√°rgy√°ban lefolytatott hirdetm√©ny n√©lk√ºli t√°rgyal√°sos elj√°r√°s eredm√©ny√©r?l k√©sz√ºlt t√°j√©koztat√≥,1461,no contrac,0,MOL Magyar Olaj- √©s G√°zipari Nyilv√°nosan M?k√∂d? R√©szv√,HU101,hungary,10-May-10,2010,2533500,no call for tenders published,other/framework,lowest price,national ,policing,500<x,petroleum products
HU18922060,HU10625790,24,101,0.5468174,0,0,0,0,10,1,2,2,1,0,55,11,Z√°nkai Gyermek- √©s Ifj√∫s√°gi Centrum Oktat√°si √©s √,HU213,1,09134220-5,1,0,HU213,0,g√°zolaj √©s √≥lmozatlan benzin term√©kek ad√°sv√©tele,NA,no contrac,0,MOL Magyar Olaj- √©s G√°zipari Nyilv√°nosan M?k√∂d? R√©szv√,HU101,hungary,15-Jun-09,2009,112214.76,no call for tenders published,open,lowest price,established by public law,missing,missing,petroleum products
HU329398,HU10625790,36,101,0.5149303,0,1,0,0,12,1,2,2,1,0,55,11,K√∂zponti Szolg√°ltat√°si F?igazgat√≥s√°g,HU101,1,09130000-9,1,0,HU,0,K√°rty√°s √ºzemanyag beszerz√©se nemzetbiztons√°gi v√©delem alatt √°ll√≥ g√©pkocsik √ºzemeltet√©s√©hez,NA,no contrac,0,MOL Magyar Olaj- √©s G√°zipari Nyilv√°nosan M?k√∂d? R√©szv√,HU101,hungary,15-Nov-10,2010,181500,no call for tenders published,other/framework,lowest price,national ,missing,500<x,petroleum products
HU329541,HU10625790,37,101,0.5084052,0,0,0,0,10,1,2,2,1,0,55,11,Mez?gazdas√°gi √âs Vid√©kfejleszt√©si Hivatal,HU101,1,09134000-7,1,0,HU,0,Sz√°ll√≠t√°si keretszerz?d√©s g√©pj√°rm?-√ºzemanyag √©s √ºzemanyagk√°rtya t√∂lt?√°llom√°si kiszolg√°l√°sra vonatkoz√≥an,NA,no contrac,0,MOL Magyar Olaj- √©s G√°zipari Nyilv√°nosan M?k√∂d? R√©szv√,HU101,hungary,2-Jul-10,2010,282000,no call for tenders published,other/framework,lowest price,national ,general public services,500<x,petroleum products
HU329398,HU10625790,36,101,0.5077094,0,1,0,0,12,1,2,2,1,0,55,11,K√∂zponti Szolg√°ltat√°si F?igazgat√≥s√°g,HU101,1,09130000-9,1,0,HU,0,G√©pj√°rm?-√ºzemanyag √©s √ºzemanyagk√°rtya t√∂lt?√°llom√°si kiszolg√°l√°ssal √∂sszesen nett√≥ 112 milli√≥ forint keret√∂sszeg el√©r√©s√©ig,NA,no contrac,0,MOL Magyar Olaj- √©s G√°zipari Nyilv√°nosan M?k√∂d? R√©szv√,HU101,hungary,29-Jan-10,2010,415520,no call for tenders published,other/framework,lowest price,national ,missing,500<x,petroleum products
HU12519718,HU10768033,14,104,0.4597316,0,0,0,0,0,0,0,0,0,0,0,0,Nemzeti Sz√≠nh√°z Z√°rtk√∂r?en M?k√∂d? R√©szv√©nyt√°rsa,HU101,1,09310000-5,1,0,HU102,0,T√°j√©koztat√≥ az elj√°r√°s eredm√©ny√©r?l - villamos energia beszerz√©se,361,no contrac,0,Budapesti Elektromos M?vek Nyilv√°nosan M?k√∂d? R√©szv√©nyt,HU101,hungary,21-Dec-11,2011,137760,call for tender published,open,lowest price,missing,leisure,missing,petroleum products
HU342515,HU10807262,39,106,0.4390261,0,3,0,0,0,3,2,2,0,0,0,1,B√©k√©s Megye K√©pvisel?-Test√ºlete P√°ndy K√°lm√°n K√≥,HU332,1,09344000-2,1,0,HU332,NA,In vivo izot√≥pk√©sz√≠tm√©nyek √©s inakt√≠v radiofarmakonok ad√°s-v√©tel√©re vonatkoz√≥ sz√°ll√≠t√°si szerz?d√©s,NA,no contrac,0,IZOT√ìP INT√âZET Kutat√≥,,,,,,,,,,,,
HU342515,HU10807262,39,106,0.4375303,0,3,0,0,0,3,2,2,0,0,0,1,B√©k√©s Megye K√©pvisel?-Test√ºlete P√°ndy K√°lm√°n K√≥,HU332,1,09344000-2,1,0,HU332,NA,In vivo izot√≥pk√©sz√≠tm√©nyek √©s inakt√≠v radiofarmakonok ad√°s-v√©tel√©re vonatkoz√≥ sz√°ll√≠t√°si szerz?d√©s,NA,no contrac,0,IZOT√ìP INT√âZET Kutat√≥,,,,,,,,,,,,
HU342515,HU10807262,39,106,0.4555153,0,3,0,0,0,3,2,2,0,0,0,1,B√©k√©s Megye K√©pvisel?-Test√ºlete P√°ndy K√°lm√°n K√≥,HU332,1,09344000-2,1,0,HU332,NA,Az Int√©zm√©ny egy√©ves sz√ºks√©glet√©t biztos√≠t√≥ ‚Äû Tc-99m Steril Gener√°torok ‚Äû ad√°s - v√©tel√©re vonatkoz√≥ sz√°ll√≠t√°si szerz?d√©s.,NA,no contrac,0,IZOT√ìP INT√âZET Kutat√≥,,,,,,,,,,,,
HU342515,HU10807262,39,106,0.4376364,0,3,0,0,0,3,2,2,0,0,0,1,B√©k√©s Megye K√©pvisel?-Test√ºlete P√°ndy K√°lm√°n K√≥,HU332,1,09344000-2,1,0,HU332,NA,In vivo izot√≥pk√©sz√≠tm√©nyek √©s inakt√≠v radiofarmakonok ad√°s-v√©tel√©re vonatkoz√≥ sz√°ll√≠t√°si szerz?d√©s,NA,no contrac,0,IZOT√ìP INT√âZET Kutat√≥,,,,,,,,,,,,
HU342515,HU10807262,39,106,0.4375908,0,3,0,0,0,3,2,2,0,0,0,1,B√©k√©s Megye K√©pvisel?-Test√ºlete P√°ndy K√°lm√°n K√≥,HU332,1,09344000-2,1,0,HU332,NA,In vivo izot√≥pk√©sz√≠tm√©nyek √©s inakt√≠v radiofarmakonok ad√°s-v√©tel√©re vonatkoz√≥ sz√°ll√≠t√°si szerz?d√©s,NA,no contrac,0,IZOT√ìP INT√âZET Kutat√≥,,,,,,,,,,,,
HU342515,HU10807262,39,106,0.4381261,0,3,0,0,0,3,2,2,0,0,0,1,B√©k√©s Megye K√©pvisel?-Test√ºlete P√°ndy K√°lm√°n K√≥,HU332,1,09344000-2,1,0,HU332,NA,In vivo izot√≥pk√©sz√≠tm√©nyek √©s inakt√≠v radiofarmakonok ad√°s-v√©tel√©re vonatkoz√≥ sz√°ll√≠t√°si szerz?d√©s,NA,no contrac,0,IZOT√ìP INT√âZET Kutat√≥,,,,,,,,,,,,
HU342515,HU10807262,39,106,0.4417938,0,3,0,0,0,3,2,2,0,0,0,1,B√©k√©s Megye K√©pvisel?-Test√ºlete P√°ndy K√°lm√°n K√≥,HU332,1,09344000-2,1,0,HU332,NA,In vivo izot√≥pk√©sz√≠tm√©nyek √©s inakt√≠v radiofarmakonok ad√°s-v√©tel√©re vonatkoz√≥ sz√°ll√≠t√°si szerz?d√©s,NA,no contrac,0,IZOT√ìP INT√âZET Kutat√≥,,,,,,,,,,,,
HU342515,HU10807262,39,106,0.4393742,0,3,0,0,0,3,2,2,0,0,0,1,B√©k√©s Megye K√©pvisel?-Test√ºlete P√°ndy K√°lm√°n K√≥,HU332,1,09344000-2,1,0,HU332,NA,In vivo izot√≥pk√©sz√≠tm√©nyek √©s inakt√≠v radiofarmakonok ad√°s-v√©tel√©re vonatkoz√≥ sz√°ll√≠t√°si szerz?d√©s,NA,no contrac,0,IZOT√ìP INT√âZET Kutat√≥,,,,,,,,,,,,
HU342515,HU10807262,39,106,0.4375303,0,3,0,0,0,3,2,2,0,0,0,1,B√©k√©s Megye K√©pvisel?-Test√ºlete P√°ndy K√°lm√°n K√≥,HU332,1,09344000-2,1,0,HU332,NA,In vivo izot√≥pk√©sz√≠tm√©nyek √©s inakt√≠v radiofarmakonok ad√°s-v√©tel√©re vonatkoz√≥ sz√°ll√≠t√°si szerz?d√©s,NA,no contrac,0,IZOT√ìP INT√âZET Kutat√≥,,,,,,,,,,,,
HU342515,HU10807262,39,106,0.4382474,0,3,0,0,0,3,2,2,0,0,0,1,B√©k√©s Megye K√©pvisel?-Test√ºlete P√°ndy K√°lm√°n K√≥,HU332,1,09344000-2,1,0,HU332,NA,In vivo izot√≥pk√©sz√≠tm√©nyek √©s inakt√≠v radiofarmakonok ad√°s-v√©tel√©re vonatkoz√≥ sz√°ll√≠t√°si szerz?d√©s,NA,no contrac,0,IZOT√ìP INT√âZET Kutat√≥,,,,,,,,,,,,
HU342515,HU10814505,39,107,0.4584294,0,3,0,0,0,3,2,2,0,0,0,1,B√©k√©s Megye K√©pvisel?-Test√ºlete P√°ndy K√°lm√°n K√≥,HU332,1,09344000-2,1,0,HU332,NA,Az Int√©zm√©ny egy√©ves sz√ºks√©glet√©t biztos√≠t√≥ ‚Äû Tc-99m Steril Gener√°torok ‚Äû ad√°s - v√©tel√©re vonatkoz√≥ sz√°ll√≠t√°si szerz?d√©s.,NA,no contrac,0,IZINTA KERESKEDELMI KFT,HU101,hungary,17-Dec-12,2012,38220,no call for tenders published,negotiation,lowest price,regional/local ,healthcare,500<x,petroleum products
HU342515,HU10814505,39,107,0.438647,0,3,0,0,0,3,2,2,0,0,0,1,B√©k√©s Megye K√©pvisel?-Test√ºlete P√°ndy K√°lm√°n K√≥,HU332,1,09344000-2,1,0,HU332,NA,In vivo izot√≥pk√©sz√≠tm√©nyek √©s inakt√≠v radiofarmakonok ad√°s-v√©tel√©re vonatkoz√≥ sz√°ll√≠t√°si szerz?d√©s,NA,no contrac,0,IZINTA KERESKEDELMI KFT,HU101,hungary,26-Sep-12,2012,2679,no call for tenders published,negotiation,lowest price,regional/local ,healthcare,500<x,petroleum products
HU342515,HU10814505,39,107,0.4442277,0,3,0,0,0,3,2,2,0,0,0,1,B√©k√©s Megye K√©pvisel?-Test√ºlete P√°ndy K√°lm√°n K√≥,HU332,1,09344000-2,1,0,HU332,NA,In vivo izot√≥pk√©sz√≠tm√©nyek √©s inakt√≠v radiofarmakonok ad√°s-v√©tel√©re vonatkoz√≥ sz√°ll√≠t√°si szerz?d√©s,NA,no contrac,0,IZINTA KERESKEDELMI KFT,HU101,hungary,26-Sep-12,2012,16074,no call for tenders published,negotiation,lowest price,regional/local ,healthcare,500<x,petroleum products
HU342515,HU10814505,39,107,0.4393564,0,3,0,0,0,3,2,2,0,0,0,1,B√©k√©s Megye K√©pvisel?-Test√ºlete P√°ndy K√°lm√°n K√≥,HU332,1,09344000-2,1,0,HU332,NA,In vivo izot√≥pk√©sz√≠tm√©nyek √©s inakt√≠v radiofarmakonok ad√°s-v√©tel√©re vonatkoz√≥ sz√°ll√≠t√°si szerz?d√©s,NA,no contrac,0,IZINTA KERESKEDELMI KFT,HU101,hungary,26-Sep-12,2012,4348.44,no call for tenders published,negotiation,lowest price,regional/local ,healthcare,500<x,petroleum products
HU504003,HU10897830,50,108,0.5383174,0,0,0,0,11,2,2,1,1,1,66,24,Budapest F?v√°ros IV.Ker√ºlet √öjpest √ñnkorm√°nyzat Po,HU101,1,09123000-7,1,0,HU101,0,Az √ñnkorm√°nyzat r√©sz√©re f√∂ldg√°z beszerz√©se - eredm√©ny,NA,no contrac,0,F?v√°rosi G√°zm?vek Z√°rtk√∂r?en M?k√∂d? R√©szv√©nyt√°rsas√,HU101,hungary,14-Dec-11,2011,1705600,call for tender published,negotiation,lowest price,missing,general public services,100<x<=500,petroleum products
HU490737,HU10897830,47,108,0.4898271,0,0,0,0,11,2,2,1,1,1,66,24,Budapest F?v√°ros Lev√©lt√°ra,HU101,1,09123000-7,1,0,HU101,NA,‚ÄûAz MSZ 1648/2000 sz. szabv√°ny szerint meghat√°rozott g√°zmin?s√©g? el?√≠r√°soknak megfelel? f√∂ldg√°z beszerz√©se a Budapest F?v√°ros Lev√©lt√°ra r√©sz√©re.‚Äù,NA,no contrac,0,F?v√°rosi G√°zm?vek Z√°rtk√∂r?en M?k√∂d? R√©szv√©nyt√°rsas√,HU101,hungary,30-Mar-12,2012,77593.46,no call for tenders published,negotiation,lowest price,other/private ,other,100<x<=500,petroleum products
HU328665,HU10897830,35,108,0.5251507,0,0,0,0,11,2,2,1,1,1,66,24,Orsz√°gos Nyugd√≠jbiztos√≠t√°si F?igazgat√≥s√°g,HU101,1,09123000-7,1,0,HU101,0,Sz√°ll√≠t√°si szerz?d√©s a 1132 Budapest,,,,,,,,,,,,,,,,
HU12154481,HU10897830,11,108,0.4910102,0,0,0,0,11,2,2,1,1,1,66,24,Budapesti K√∂zleked√©si Z√°rtk√∂r?en M?k√∂d? R√©szv√©ny,,1,09123000-7,1,0,HU101,0,F√∂ldg√°z sz√°ll√≠t√°si szerz?d√©s,NA,no contrac,0,F?v√°rosi G√°zm?vek Z√°rtk√∂r?en M?k√∂d? R√©szv√©nyt√°rsas√,,hungary,22-Jul-09,2009,2526061,call for tender published,negotiation,lowest price,established by public law,welfare,missing,petroleum products
HU775883,HU10897830,97,108,0.3896428,0,0,0,0,11,2,2,1,1,1,66,24,Nemzeti M√©dia- √âs H√≠rk√∂zl√©si Hat√≥s√°g,HU101,1,09123000-7,1,0,HU1,,,,,,,,,,,,,,,,,,
HU311399,HU10897830,33,108,0.3904709,0,0,0,0,11,2,2,1,1,1,66,24,F?v√°rosi B√≠r√≥s√°g,HU101,1,09123000-7,1,0,HU101,0,A F?v√°rosi B√≠r√≥s√°g t√°j√©koztat√≥ja az elj√°r√°s eredm√©ny√©r?l (f√∂ldg√°zbeszerz√©s),410,no contrac,0,F?v√°rosi G√°zm?vek Z√°rtk√∂r?en M?k√∂d? R√©szv√©nyt√°rsas√,HU101,hungary,8-Sep-10,2010,151846.24,call for tender published,negotiation,lowest price,national ,missing,500<x,petroleum products
HU728746,HU10897830,71,108,0.4161271,0,1,0,0,13,19,2,1,1,1,66,24,P√ºsp√∂klad√°ny V√°ros √ñnkorm√°nyzata,HU321,1,09123000-7,1,0,HU321,0," P√ºsp√∂klad√°ny V√°ros √ñnkorm√°nyzat f√∂ldg√°z szabadpiaci v√©tele‚Äù""",584,no contrac,0,F?v√°rosi G√°zm?vek Z√°rtk√∂r?en M?k√∂d? R√©szv√©nyt√°rsas√,HU101,hungary,7-Dec-11,2011,118082.82,call for tender published,negotiation,lowest price,missing,general public services,100<x<=500,petroleum products
HU324766,HU10897830,34,108,0.5286348,0,0,0,0,11,2,2,1,1,1,66,24,√Ållami Sz√°mvev?sz√©k,HU101,1,09123000-7,1,0,HU101,0,G√°zenergia ell√°t√°s√°t biztos√≠t√≥ vezet√©kes g√°z sz√°ll√≠t√°sa.,NA,no contrac,0,F?v√°rosi G√°zm?vek Z√°rtk√∂r?en M?k√∂d? R√©szv√©nyt√°rsas√,HU101,hungary,14-Oct-11,2011,37.836.655,no call for tenders published,open,lowest price,national ,finance,500<x,petroleum products
HU729138,HU11078043,72,109,0.4030665,0,0,0,0,0,0,0,0,0,0,0,0,Visonta K√∂zs√©gi √ñnkorm√°nyzat,HU312,1,09331100-9,1,1,HU312,0,K√â - EH - Visonta,,,,,,,,,,,,,,,,
HU13980335,HU11147073,17,110,0.5097817,0,0,0,3,0,1,2,0,1,6,0,4,SZOVA Szombathelyi Vagyonhasznos√≠t√≥ √©s V√°rosgazd√°l,HU222,1,09123000-7,1,0,HU222,0,T√°j√©koztat√≥ az elj√°r√°s eredm√©ny√©r?l - F√∂ldg√°z beszerz√©se.,NA,no contrac,0,TIG√ÅZ Tisz√°nt√∫li G√°zszolg√°ltat√≥ Z√°rtk√∂r?en M?k√∂d?,HU321,hungary,6-Jul-11,2011,89760,no call for tenders published,open,lowest price,established by public law,other,missing,petroleum products
HU19858179,HU11653114,25,111,0.4837095,0,0,0,0,0,0,0,0,0,0,0,0,NYIREGYH√ÅZA V√ÅROSI REFORM√ÅTUS EGYH√ÅZK√ñZS√âG,HU323,1,09331100-9,1,1,HU323,1,Melegv√≠z ell√°t√°s√°t szolg√°l√≥ napkollektorok beszerz√©se √©s beszerel√©s√ºk,20,contract m,0,√âPADKER √âp√≠t?ipari,,,,,,,,,,,,
HU342515,HU12090503,39,113,0.4405197,0,3,0,0,0,3,2,2,0,0,0,1,B√©k√©s Megye K√©pvisel?-Test√ºlete P√°ndy K√°lm√°n K√≥,HU332,1,09344000-2,1,0,HU332,NA,In vivo izot√≥pk√©sz√≠tm√©nyek √©s inakt√≠v radiofarmakonok ad√°s-v√©tel√©re vonatkoz√≥ sz√°ll√≠t√°si szerz?d√©s,NA,no contrac,0,MEDI-RADIOPHARMA EG√âSZS√âG√úGYI SZERVEZ√ñ,,,,,,,,,,,,
HU342515,HU12090503,39,113,0.4393959,0,3,0,0,0,3,2,2,0,0,0,1,B√©k√©s Megye K√©pvisel?-Test√ºlete P√°ndy K√°lm√°n K√≥,HU332,1,09344000-2,1,0,HU332,NA,In vivo izot√≥pk√©sz√≠tm√©nyek √©s inakt√≠v radiofarmakonok ad√°s-v√©tel√©re vonatkoz√≥ sz√°ll√≠t√°si szerz?d√©s,NA,no contrac,0,MEDI-RADIOPHARMA EG√âSZS√âG√úGYI SZERVEZ√ñ,,,,,,,,,,,,
HU342515,HU12090503,39,113,0.4376909,0,3,0,0,0,3,2,2,0,0,0,1,B√©k√©s Megye K√©pvisel?-Test√ºlete P√°ndy K√°lm√°n K√≥,HU332,1,09344000-2,1,0,HU332,NA,In vivo izot√≥pk√©sz√≠tm√©nyek √©s inakt√≠v radiofarmakonok ad√°s-v√©tel√©re vonatkoz√≥ sz√°ll√≠t√°si szerz?d√©s,NA,no contrac,0,MEDI-RADIOPHARMA EG√âSZS√âG√úGYI SZERVEZ√ñ,,,,,,,,,,,,
HU773065,HU12095883,96,114,0.4414816,0,6,0,0,0,0,0,3,0,0,0,0,√ìbudai Egyetem,HU101,1,09332000-5,1,1,HU101,NA,Egyedi napelemes k√≠s√©rleti berendez√©s beszerz√©se,NA,no contrac,0,TARKER KERESKEDELMI √âS SZOLG√ÅLTATO KFT,HU101,hungary,6-Jul-12,2012,22368,no call for tenders published,negotiation,lowest price,national ,education,500<x,petroleum products
HU773065,HU12351846,96,115,0.4417514,0,6,0,0,0,0,0,3,0,0,0,0,√ìbudai Egyetem,HU101,1,09332000-5,1,1,HU101,NA,Egyedi napelemes k√≠s√©rleti berendez√©s beszerz√©se,NA,no contrac,0,PROLAN Ir√°ny√≠t√°stechnikai Z√°rtk√∂r?en M?k√∂d? R√©szv√©n,HU102,hungary,6-Jul-12,2012,23.909.714,no call for tenders published,negotiation,lowest price,national ,education,500<x,petroleum products
HU10856417,HU12440915,3,116,0.4375547,3,0,3,4,0,24,0,0,3,0,0,0,M√ÅV Magyar √Ållamvasutak Z√°rtk√∂r?en M?k√∂d? R√©szv√©,HU101,1,09111400-4,1,0,HU,NA,Apr√≠tott t?zifa beszerz√©s 2012/2013.,NA,no contrac,0,GLASS PACK Kereskedelmi √©s Szolg√°ltat√≥ Korl√°tolt Felel?,HU333,hungary,19-Nov-12,2012,3.606.916,no call for tenders published,negotiation,lowest price,established by public law,welfare,missing,petroleum products
HU10856417,HU12440915,3,116,0.4375547,3,0,3,4,0,24,0,0,3,0,0,0,M√ÅV Magyar √Ållamvasutak Z√°rtk√∂r?en M?k√∂d? R√©szv√©,HU101,1,09111400-4,1,0,HU,NA,Apr√≠tott t?zifa beszerz√©s 2012/2013.,NA,no contrac,0,GLASS PACK Kereskedelmi √©s Szolg√°ltat√≥ Korl√°tolt Felel?,HU333,hungary,19-Nov-12,2012,3.606.916,no call for tenders published,negotiation,lowest price,established by public law,welfare,missing,petroleum products
HU10856417,HU12440915,3,116,0.4376052,3,0,3,4,0,24,0,0,3,0,0,0,M√ÅV Magyar √Ållamvasutak Z√°rtk√∂r?en M?k√∂d? R√©szv√©,HU101,1,09111400-4,1,0,HU,NA,Apr√≠tott t?zifa beszerz√©s 2012/2013.,NA,no contrac,0,GLASS PACK Kereskedelmi √©s Szolg√°ltat√≥ Korl√°tolt Felel?,HU333,hungary,19-Nov-12,2012,6.936.377,no call for tenders published,negotiation,lowest price,established by public law,welfare,missing,petroleum products
HU10856417,HU12440915,3,116,0.4376924,3,0,3,4,0,24,0,0,3,0,0,0,M√ÅV Magyar √Ållamvasutak Z√°rtk√∂r?en M?k√∂d? R√©szv√©,HU101,1,09111400-4,1,0,HU,NA,Apr√≠tott t?zifa beszerz√©s 2012/2013.,NA,no contrac,0,GLASS PACK Kereskedelmi √©s Szolg√°ltat√≥ Korl√°tolt Felel?,HU333,hungary,19-Nov-12,2012,12693.57,no call for tenders published,negotiation,lowest price,established by public law,welfare,missing,petroleum products
HU10856417,HU12440915,3,116,0.43758,3,0,3,4,0,24,0,0,3,0,0,0,M√ÅV Magyar √Ållamvasutak Z√°rtk√∂r?en M?k√∂d? R√©szv√©,HU101,1,09111400-4,1,0,HU,NA,Apr√≠tott t?zifa beszerz√©s 2012/2013.,NA,no contrac,0,GLASS PACK Kereskedelmi √©s Szolg√°ltat√≥ Korl√°tolt Felel?,HU333,hungary,19-Nov-12,2012,52.716.465,no call for tenders published,negotiation,lowest price,established by public law,welfare,missing,petroleum products
HU10856417,HU12440915,3,116,0.4375968,3,0,3,4,0,24,0,0,3,0,0,0,M√ÅV Magyar √Ållamvasutak Z√°rtk√∂r?en M?k√∂d? R√©szv√©,HU101,1,09111400-4,1,0,HU,NA,Apr√≠tott t?zifa beszerz√©s 2012/2013.,NA,no contrac,0,GLASS PACK Kereskedelmi √©s Szolg√°ltat√≥ Korl√°tolt Felel?,HU333,hungary,19-Nov-12,2012,63.814.668,no call for tenders published,negotiation,lowest price,established by public law,welfare,missing,petroleum products
HU10856417,HU12440915,3,116,0.4375926,3,0,3,4,0,24,0,0,3,0,0,0,M√ÅV Magyar √Ållamvasutak Z√°rtk√∂r?en M?k√∂d? R√©szv√©,HU101,1,09111400-4,1,0,HU,NA,Apr√≠tott t?zifa beszerz√©s 2012/2013.,NA,no contrac,0,GLASS PACK Kereskedelmi √©s Szolg√°ltat√≥ Korl√°tolt Felel?,HU333,hungary,19-Nov-12,2012,61.040.118,no call for tenders published,negotiation,lowest price,established by public law,welfare,missing,petroleum products
HU10856417,HU12440915,3,116,0.4375526,3,0,3,4,0,24,0,0,3,0,0,0,M√ÅV Magyar √Ållamvasutak Z√°rtk√∂r?en M?k√∂d? R√©szv√©,HU101,1,09111400-4,1,0,HU,NA,Apr√≠tott t?zifa beszerz√©s 2012/2013.,NA,no contrac,0,GLASS PACK Kereskedelmi √©s Szolg√°ltat√≥ Korl√°tolt Felel?,HU333,hungary,19-Nov-12,2012,34.681.885,no call for tenders published,negotiation,lowest price,established by public law,welfare,missing,petroleum products
HU10856417,HU12440915,3,116,0.43754,3,0,3,4,0,24,0,0,3,0,0,0,M√ÅV Magyar √Ållamvasutak Z√°rtk√∂r?en M?k√∂d? R√©szv√©,HU101,1,09111400-4,1,0,HU,NA,Apr√≠tott t?zifa beszerz√©s 2012/2013.,NA,no contrac,0,GLASS PACK Kereskedelmi √©s Szolg√°ltat√≥ Korl√°tolt Felel?,HU333,hungary,19-Nov-12,2012,26.358.233,no call for tenders published,negotiation,lowest price,established by public law,welfare,missing,petroleum products
HU773065,HU12492589,96,118,0.4553434,0,6,0,0,0,0,0,3,0,0,0,0,√ìbudai Egyetem,HU101,1,09332000-5,1,1,HU101,NA,Egyedi napelemes k√≠s√©rleti berendez√©s beszerz√©se,NA,no contrac,0,ATESTOR Anyagvizsg√°lat-M√©r√©stechnika Korl√°tolt Felel?ss,HU101,hungary,6-Jul-12,2012,106225.98,no call for tenders published,negotiation,lowest price,national ,education,500<x,petroleum products
HU714031,HU12517606,53,119,0.500977,0,3,0,0,2,0,0,2,0,0,0,0,Honv√©delmi Miniszt√©rium Fegyverzeti √âs Hadbiztosi Hi,HU101,1,09211000-1,1,0,HU,0,Magyar Honv√©ds√©g sz√°razf√∂ldi szaktechnikai eszk√∂zeinek √ºzemeltet√©s√©hez,,,,,,,,,,,,,,,,
HU375472,HU12867619,42,121,0.5571973,0,1,0,0,2,0,0,3,0,0,3,0,√öjl√©ta K√∂zs√©gi √ñnkorm√°nyzat Polg√°rmesteri Hivata,HU321,1,09332000-5,1,1,HU321,1,√öjl√©tai egyes int√©zm√©nyeinek energetikai fejleszt√©se napelem √©s napkollektoros rendszer telep√≠t√©s√©vel,NA,contract m,0,K√ñR-TERV 68 Tervez? √©s Kivitelez? Korl√°tolt Felel?ss√©g?,HU321,hungary,29-Jun-12,2012,85.997.866,no call for tenders published,open,lowest price,regional/local ,general public services,50<x<=100,petroleum products
HU375472,HU12867619,42,121,0.5588642,0,1,0,0,2,0,0,3,0,0,3,0,√öjl√©ta K√∂zs√©gi √ñnkorm√°nyzat Polg√°rmesteri Hivata,HU321,1,09332000-5,1,1,HU321,1,√öjl√©tai egyes int√©zm√©nyeinek energetikai fejleszt√©se napelem √©s napkollektoros rendszer telep√≠t√©s√©vel,NA,contract m,0,K√ñR-TERV 68 Tervez? √©s Kivitelez? Korl√°tolt Felel?ss√©g?,HU321,hungary,29-Jun-12,2012,96.362.766,no call for tenders published,open,lowest price,regional/local ,general public services,50<x<=100,petroleum products
HU728746,HU12898019,71,122,0.4119332,0,1,0,0,13,19,6,1,2,136,3,51,P√ºsp√∂klad√°ny V√°ros √ñnkorm√°nyzata,HU321,1,09310000-5,1,0,HU321,0," P√ºsp√∂klad√°ny V√°ros √ñnkorm√°nyzat villamos energia beszerz√©se‚Äù""",406,no contrac,0,MVM Partner Energiakereskedelmi Z√°rtk√∂r?en M√ºk√∂d? R√©sz,HU101,hungary,7-Dec-11,2011,70.878.166,call for tender published,negotiation,lowest price,missing,general public services,100<x<=500,petroleum products
HU728746,HU12898019,71,122,0.4115879,0,1,0,0,13,19,6,1,2,136,3,51,P√ºsp√∂klad√°ny V√°ros √ñnkorm√°nyzata,HU321,1,09310000-5,1,0,HU321,0," P√ºsp√∂klad√°ny V√°ros √ñnkorm√°nyzat villamos energia beszerz√©se‚Äù""",406,no contrac,0,MVM Partner Energiakereskedelmi Z√°rtk√∂r?en M√ºk√∂d? R√©sz,HU101,hungary,7-Dec-11,2011,67.124.554,call for tender published,negotiation,lowest price,missing,general public services,100<x<=500,petroleum products
HU728328,HU13101424,66,125,0.3875464,0,0,0,0,0,1,0,0,0,0,0,1,Beretty√≥√∫jfalu V√°ros √ñnkorm√°nyzata,HU321,1,09123000-7,1,0,HU332,0,f√∂ldg√°z beszerz√©se,NA,no contrac,0,EMFESZ Els? Magyar F√∂ldg√°z √©s Energiakereskedelmi √©s Sz,HU101,hungary,22-Feb-10,2010,198860.73,call for tender published,negotiation,lowest price,regional/local ,general public services,100<x<=500,petroleum products
HU338019,HU13391814,38,126,0.563459,0,0,0,0,0,0,0,0,0,0,0,0,Lakitelek Polg√°rmesteri Hivatal,HU331,1,09331000-8,1,1,,1,T√°j√©koztat√≥ az elj√°r√°s eredm√©ny√©r?l,NA,contract m,0,SAVEsco Energiagazd√°lkod√°si Tan√°csad√≥ √©s Szolg√°ltat√≥,HU102,hungary,19-Aug-11,2011,72856.84,no call for tenders published,open,lowest price,regional/local ,general public services,50<x<=100,petroleum products
HU732693,HU13861238,83,128,0.503109,0,0,1,16,0,3,0,0,1,0,0,0,Kis√∫jsz√°ll√°s V√°rosi √ñnkorm√°nyzat,HU322,1,09331100-9,1,1,HU322,0,T√°j√©koztat√≥ a napkollektorok beszerz√©se a helyi h?,,,,,,,,,,,,,,,,
HU587129,HU13958147,51,130,0.4571646,0,0,0,0,4,8,5,0,0,28,10,40,Moh√°csi T√∂bbc√©l√∫ Kist√©rs√©gi T√°rsul√°s,HU231,1,09310000-5,1,0,HU231,0,Moh√°csi Kist√©rs√©g - Villamosenergia - T√°j.elj.eredm. - K√â,NA,no contrac,0,E.ON Energiaszolg√°ltat√≥ Korl√°tolt Felel?ss√©g? T√°rsas√°,HU101,hungary,10-May-10,2010,22.043.889,call for tender published,invitation,lowest price,regional/local ,general public services,25<x<=50,petroleum products
HU728340,HU13958147,67,130,0.4179016,0,0,0,0,4,8,5,0,0,28,10,40,Hajd√∫n√°n√°s V√°rosi √ñnkorm√°nyzat,HU321,1,09310000-5,1,0,HU321,0,Villamos energia beszerz√©se 2011. (eredm√©nyt√°j√©koztat√≥),382,no contrac,0,E.ON Energiaszolg√°ltat√≥ Korl√°tolt Felel?ss√©g? T√°rsas√°,HU101,hungary,21-Dec-11,2011,34831.96,call for tender published,negotiation,lowest price,missing,general public services,100<x<=500,petroleum products
HU587129,HU13958147,51,130,0.4670259,0,0,0,0,4,8,5,0,0,28,10,40,Moh√°csi T√∂bbc√©l√∫ Kist√©rs√©gi T√°rsul√°s,HU231,1,09310000-5,1,0,HU231,0,Moh√°csi Kist√©rs√©g - Villamosenergia - T√°j.elj.eredm. - K√â,NA,no contrac,0,E.ON Energiaszolg√°ltat√≥ Korl√°tolt Felel?ss√©g? T√°rsas√°,HU101,hungary,10-May-10,2010,78.197.376,call for tender published,invitation,lowest price,regional/local ,general public services,25<x<=50,petroleum products
HU587129,HU13958147,51,130,0.4739129,0,0,0,0,4,8,5,0,0,28,10,40,Moh√°csi T√∂bbc√©l√∫ Kist√©rs√©gi T√°rsul√°s,HU231,1,09310000-5,1,0,HU231,0,Moh√°csi Kist√©rs√©g - Villamosenergia - T√°j.elj.eredm. - K√â,NA,no contrac,0,E.ON Energiaszolg√°ltat√≥ Korl√°tolt Felel?ss√©g? T√°rsas√°,HU101,hungary,10-May-10,2010,131411.7,call for tender published,invitation,lowest price,regional/local ,general public services,25<x<=50,petroleum products
HU587129,HU13958147,51,130,0.4539457,0,0,0,0,4,8,5,0,0,28,10,40,Moh√°csi T√∂bbc√©l√∫ Kist√©rs√©gi T√°rsul√°s,HU231,1,09310000-5,1,0,HU231,0,Moh√°csi Kist√©rs√©g - Villamosenergia - T√°j.elj.eredm. - K√â,NA,no contrac,0,E.ON Energiaszolg√°ltat√≥ Korl√°tolt Felel?ss√©g? T√°rsas√°,HU101,hungary,10-May-10,2010,72.992.377,call for tender published,invitation,lowest price,regional/local ,general public services,25<x<=50,petroleum products
HU587129,HU13958147,51,130,0.4533662,0,0,0,0,4,8,5,0,0,28,10,40,Moh√°csi T√∂bbc√©l√∫ Kist√©rs√©gi T√°rsul√°s,HU231,1,09310000-5,1,0,HU231,0,Moh√°csi Kist√©rs√©g - Villamosenergia - T√°j.elj.eredm. - K√â,NA,no contrac,0,E.ON Energiaszolg√°ltat√≥ Korl√°tolt Felel?ss√©g? T√°rsas√°,HU101,hungary,10-May-10,2010,47.936.981,call for tender published,invitation,lowest price,regional/local ,general public services,25<x<=50,petroleum products
HU587129,HU13958147,51,130,0.4623691,0,0,0,0,4,8,5,0,0,28,10,40,Moh√°csi T√∂bbc√©l√∫ Kist√©rs√©gi T√°rsul√°s,HU231,1,09310000-5,1,0,HU231,0,Moh√°csi Kist√©rs√©g - Villamosenergia - T√°j.elj.eredm. - K√â,NA,no contrac,0,E.ON Energiaszolg√°ltat√≥ Korl√°tolt Felel?ss√©g? T√°rsas√°,HU101,hungary,10-May-10,2010,49.319.311,call for tender published,invitation,lowest price,regional/local ,general public services,25<x<=50,petroleum products
HU375472,HU14771422,42,132,0.7169834,0,1,0,0,2,0,0,1,0,0,0,0,√öjl√©ta K√∂zs√©gi √ñnkorm√°nyzat Polg√°rmesteri Hivata,HU321,1,09332000-5,1,1,HU321,0,√öjl√©tai egyes int√©zm√©nyeinek energetikai fejleszt√©se napelem √©s napkollektoros rendszer telep√≠t√©s√©vel,NA,contract m,0,Z√∂ld Ferment √âp√≠t?ipari √©s Szolg√°ltat√≥ Korl√°tolt Fel,HU321,hungary,29-Jun-12,2012,30.526.951,no call for tenders published,open,lowest price,regional/local ,general public services,50<x<=100,petroleum products
HU375472,HU14771422,42,132,0.7169834,0,1,0,0,2,0,0,1,0,0,0,0,√öjl√©ta K√∂zs√©gi √ñnkorm√°nyzat Polg√°rmesteri Hivata,HU321,1,09332000-5,1,1,HU321,0,√öjl√©tai egyes int√©zm√©nyeinek energetikai fejleszt√©se napelem √©s napkollektoros rendszer telep√≠t√©s√©vel,NA,contract m,0,Z√∂ld Ferment √âp√≠t?ipari √©s Szolg√°ltat√≥ Korl√°tolt Fel,HU321,hungary,29-Jun-12,2012,30.526.951,no call for tenders published,open,lowest price,regional/local ,general public services,50<x<=100,petroleum products
HU375472,HU14771422,42,132,0.7170018,0,1,0,0,2,0,0,1,0,0,0,0,√öjl√©ta K√∂zs√©gi √ñnkorm√°nyzat Polg√°rmesteri Hivata,HU321,1,09332000-5,1,1,HU321,0,√öjl√©tai egyes int√©zm√©nyeinek energetikai fejleszt√©se napelem √©s napkollektoros rendszer telep√≠t√©s√©vel,NA,contract m,0,Z√∂ld Ferment √âp√≠t?ipari √©s Szolg√°ltat√≥ Korl√°tolt Fel,HU321,hungary,29-Jun-12,2012,30.605.117,no call for tenders published,open,lowest price,regional/local ,general public services,50<x<=100,petroleum products
